-0.023984771801979513, -2.042801173217904
0.0012742053425264799, -0.0010745849377249428
0.004670144189788006, 0.0015132819328158575
0.006631669556449671, 0.06070006032080988
0.00967980253211434, 0.1162585328437622
0.01328007473130502, 0.12827860955862436
0.01678285945919683, 0.16412703901948245
0.0177645469002225, 0.20784700597886419
0.019578173378924313, 0.24271107763097133
0.02335243163820061, 0.24384697101524644
0.02666410323933638, 0.29959053361764676
0.025544003469624904, 0.24642091456768567
0.029117620480727496, 0.3471322228042826
0.03295169359165165, 0.34845085107986873
0.036711179972394176, 0.4122094998977228
0.035418883046527405, 0.3615409867435615
0.039409861908278304, 0.4553849819950222
0.0431264180582058, 0.45263661597999016
0.046180023382776325, 0.4986075332199358
0.048631046895552116, 0.5505182349406001
0.052214742726474916, 0.5495887668694814
0.05594359434388074, 0.5882857548195162
0.054565497567843374, 0.5462177999434927
0.058289829302133944, 0.6348249651027962
0.061180268577999714, 0.6412298992405097
0.06491114634990547, 0.6448835580131398
0.06687994509169512, 0.7018252186747196
0.07003542096195714, 0.7241620134561939
0.07409123676770613, 0.7280318126930443
0.07697383118896958, 0.7796744385875625
0.07943514133228355, 0.813562963605359
0.08339179246106423, 0.8022082379296465
0.08657534875458828, 0.8462085207664609
0.08909984634432672, 0.8874932889992377
0.09313147817777509, 0.8786197713430821
0.09635649270952873, 0.9050988571653094
0.0990919571424887, 0.9546917939960786
0.10265580704984797, 0.9465410420169278
0.10658734338748727, 0.966065136048607
0.10569005134253012, 0.9214541321468785
0.10690200344957224, 0.8766854691804709
0.10800822146332514, 0.8282018986958315
0.10840992997164439, 0.7857722284841566
0.10843175009702838, 0.7475433688114075
0.10845357022241237, 0.7093145091386586
0.10847539034779635, 0.6710856494659094
0.10849721047318034, 0.6328567897931603
0.10851903059856433, 0.5946279301204112
0.10854085072394831, 0.556399070447662
0.10831610343249323, 0.5092472341678871
0.11010098968890353, 0.46849014930064614
0.11012280981428754, 0.4302612896278972
0.11014462993967153, 0.3920324299551481
0.11016645006505552, 0.35380357028239895
0.1101882701904395, 0.3155747106096498
0.10998512482311454, 0.274667212344762
0.1113616474329635, 0.24390869079847555
0.11176622892445831, 0.19644555406322217
0.11217150138659027, 0.14777183677166494
0.11370167404601814, 0.11236388290855848
0.11447956151595734, 0.07223230830232508
0.11363039496976376, 0.23724482450620554
0.11698227794482141, 0.03357702103635729
0.12022911260195901, 0.013953870562458892
0.12237590122366662, -0.005791223240728449
0.12554718369666218, 0.026644611343825897
0.12806571711879566, 0.07837860122048701
0.13109231397705753, 0.06668999645479223
0.13186547375316357, 0.03484134144432094
0.13432842040588136, 0.01862244224640186
0.13791444891211302, 0.018855044782994934
0.14137624297589063, 0.0005450917979210601
0.1451820235234449, 0.017314325729631985
0.14798400037431642, 0.0684781557300096
0.15053204551603172, 0.06850761289927831
0.15236298782280616, 0.025794094027965286
0.1560330082259624, 0.020593672373591776
0.15970888889136453, 0.005126071264250687
0.16359229973024025, 0.0039876841513604155
0.16572656775619182, 0.04397088190498222
0.16908660730192876, 0.07796081855313508
0.1718654002695798, 0.059515539228536696
0.17264030565571653, 0.024608575444245773
0.17641780576219274, 0.02006475253428386
0.18019886982248168, 0.009276882544439147
0.18265890712514826, -0.0018448353637796622
0.18638402680841104, 0.04863941895380597
0.18498802367551087, -0.004047940690050211
0.189349503071014, 0.07054924929770623
0.19150751347149048, 0.037442300390092775
0.1937835707502944, 0.017971766107451437
0.1978782107934231, 0.024681891065535755
0.20099350126610288, 0.046563112800600326
0.20483051836219796, 0.06371955005251806
0.20656485466146868, 0.11152599009381303
0.20879696257106167, 0.16905475066870057
0.2128873398968385, 0.1832331564271401
0.21630875287460782, 0.23567086612850652
0.21520580614790658, 0.18394262221819657
0.218657516196596, 0.27778038314811915
0.22143381543563173, 0.2951976228510551
0.22479551746711213, 0.2947813779830153
0.22605946381578362, 0.34787984264315375
0.2280001457674356, 0.38689597243975693
0.23055179122983932, 0.4136858495812037
0.23432760027659827, 0.41210476329587964
0.237211168810602, 0.4620407436692928
0.2398437279736707, 0.5029626743885416
0.24365901586157085, 0.5030750480342692
0.24665678937325408, 0.5418849464743862
0.2488494392227777, 0.5976838386804388
0.25266511675577397, 0.5971135541177246
0.2555671934318445, 0.614623269590145
0.2582167281329351, 0.6651709408118227
0.25996051981987234, 0.696411541661593
0.26393427636837363, 0.694455003752162
0.26707824472012953, 0.7369529709562885
0.26971318071828476, 0.7737106866040411
0.27355057880069594, 0.7692039648342561
0.27684902411551265, 0.8140020156996928
0.2796255441534362, 0.8546525456213083
0.2834766923783513, 0.8470512451803982
0.28707445006785487, 0.8844724138627431
0.28712348473850946, 0.8353060951183506
0.2882194005359203, 0.7891252544181631
0.28962879880134784, 0.7448594933891768
0.2896522554361356, 0.7037634692409716
0.28991238250232043, 0.5314624077266854
0.28963059116879014, 0.45827770718878535
0.28916457563380343, 0.8968148465632779
0.2891863957591874, 0.8585859868905288
0.290051927399419, 0.6649018259320867
0.29007374752480297, 0.6266729662593375
0.29009556765018696, 0.5884441065865886
0.29095455325280334, 0.40622860352997137
0.2919866451834661, 0.36163990464530205
0.29175942494446744, 0.31882067246177215
0.2917812450698514, 0.2805918127890228
0.29180408346775333, 0.24057893966487898
0.293712980770096, 0.20300904777872653
0.29351114461029415, 0.15980781793347365
0.2947716205199759, 0.11190856962554552
0.2955728347430042, 0.06240203010076062
0.29872015404258695, 0.02816874710189765
0.30175435157785757, 0.0031637562168613798
0.3051958217534203, 0.02046125538411836
0.3071265391811469, 0.07063652979924306
0.31032136920611936, 0.07283978059301521
0.31241454266259777, 0.03365183289481655
0.31533432481183704, 0.02014155937563533
0.3194375058754732, 0.011887816404672513
0.3231432385505079, 0.007106507406244855
0.3265334106503465, 0.05129122225523375
0.32515687245469366, 0.006492634545442133
0.3291764123019918, 0.07391791298823813
0.33192474801129435, 0.05372011392654885
0.33282300983960184, 0.02314720891352895
0.33647322588133816, 0.021150521973390735
0.33997464685139345, 0.0042746188001596686
0.3443143970387016, 0.006714108818089759
0.34701845607691245, 0.0640890375090204
0.3462962099267024, 0.006737019949742962
0.3486316906803021, 0.1036111032795275
0.3510773111144114, 0.1334944923304131
0.3543582613644113, 0.13808350714450368
0.35713790289249386, 0.19163639842859137
0.3599197264331149, 0.24136640374540352
0.3635240717223773, 0.24625042665468522
0.3675386474911505, 0.3223727706730317
0.36652564817019884, 0.2783975809804089
0.3702520891832765, 0.3633092897046799
0.37413214387905747, 0.3680508652938361
0.3769126512851316, 0.40958890283910576
0.37936679195867645, 0.45603833889223444
0.3832809587838078, 0.4640024768466724
0.38677636103594465, 0.5127850038301445
0.38554552412990944, 0.46466580865834595
0.38901383305969456, 0.5609158364021478
0.39295733583117537, 0.5594747383434542
0.39644731335769595, 0.5993901724854669
0.395051098084688, 0.565445694431864
0.3990619098818324, 0.6481625167437597
0.4028012429523246, 0.6553737045144117
0.4059910855200663, 0.6726136816749424
0.4078001609440451, 0.7154512012016516
0.41004843392986007, 0.7446587482356442
0.4139941187138793, 0.7393947642096756
0.41728798786351134, 0.7922102564787028
0.41981519478548496, 0.8287482746354466
0.4235972771182918, 0.8161763911942075
0.42659154382410974, 0.8611302135103018
0.429588810797168, 0.9008275676213935
0.4334782091823544, 0.8891989993721117
0.43595728714205245, 0.8541661022927478
0.4360587507250881, 0.8086746320871918
0.436460895635915, 0.7654803846820621
0.43610239097585607, 0.7322169127416935
0.43612421110124006, 0.6939880530689446
0.43614603122662404, 0.6557591933961955
0.43616785135200803, 0.6175303337234463
0.436189671477392, 0.5793014740506972
0.43596383317966775, 0.5340610807545594
0.4381232982551699, 0.49840554120209557
0.43814540931555895, 0.45966696340037627
0.43816722944094294, 0.42143810372762713
0.4381907951763577, 0.38015093528105814
0.4376086342311129, 0.34191509316818625
0.4386071595355598, 0.3120442143225204
0.4396412516443828, 0.2639512033011826
0.43941577701541473, 0.2180736623438322
0.43918775670515214, 0.17665615501496923
0.44137358776549324, 0.0948074100246008
0.442101834450184, 0.1416464911738715
0.4438338675139974, 0.04651850276648162
0.4474244176351004, 0.07557166029109119
0.4505929180421095, 0.07981349266573812
0.45197064075885457, 0.04695238383745082
0.454249971056466, 0.02174752060389684
0.4582789117411172, 0.01758889564071353
0.4615577492488178, 0.0048837639671295285
0.46519434589562697, 0.02674825693939953
0.46733599120206554, 0.0774265891499839
0.46939631757693906, 0.12885491024162343
0.473379425607748, 0.142008081823092
0.47680292535147656, 0.19078977756369264
0.4753142472971538, 0.1534991832824546
0.4793193313113851, 0.24625108125844708
0.4830538457708549, 0.2619044755401645
0.48655024811207187, 0.3089348464553019
0.48532022946073855, 0.2593820690457753
0.48889135274322576, 0.3644623898164008
0.4928008957798829, 0.38052740517768324
0.4960294560820114, 0.4007943013030888
0.4976449636151284, 0.44735692146374517
0.49852867869318, 0.4863608319901336
