Tiempo_s,Tiempo_ms,R_LTP_Ohm,G_LTP_uS,R_LTD_Ohm,G_LTD_uS
0.0,0.0,248550.59988002398,4.023325634630142,251549.40011997602,3.9753622927466807
0.0001,0.1,247042.15451646026,4.0478921581513765,253039.86282758406,3.951946498964784
0.0002,0.2,245524.49854906535,4.072913317854352,254521.54636870843,3.9289404542253044
0.00030000000000000003,0.30000000000000004,243997.46152336878,4.098403293856503,255994.60436850885,3.9063323325380797
0.0004,0.4,242460.86766841964,4.124376892718055,257459.18601828566,3.884110780684968
0.0005,0.5,240914.53566191735,4.150849583452823,258915.43625273398,3.862264894179096
0.0006000000000000001,0.6000000000000001,239358.27838184126,4.177837536100294,260363.4959181841,3.840784194702306
0.0007,0.7,237791.9026436189,4.205357663076988,261803.50193238285,3.819658608914538
0.0008,0.8,236215.2089217899,4.233427663546832,263235.58743633004,3.798878448537565
0.0009000000000000001,0.9000000000000001,234627.99105503506,4.262066071074345,264659.8819386477,3.7784343916234935
0.001,1.0,233030.0359333388,4.291292304851477,266076.51145292656,3.758317464925561
0.0011,1.1,231421.12316594584,4.321126724819009,267485.5986284621,3.7385190272953777
0.0012000000000000001,1.2000000000000002,229801.02472865165,4.351590691037157,268887.262874767,3.719030754036666
0.0013000000000000002,1.3000000000000003,228169.5045888344,4.382706627697765,270281.620480216,3.6998446221510566
0.0014,1.4,226526.31830648825,4.41449809221288,271668.7847251592,3.6809528964164073
0.0015,1.5,224871.21260935557,4.44698984986216,273048.8659898158,3.6623481162426734
0.0016,1.6,223203.92494007538,4.480207954535185,274421.97185723827,3.6440230832545257
0.0017000000000000001,1.7000000000000002,221524.18297306445,4.5141798361653,275788.2072116214,3.6259708495536467
0.0018000000000000002,1.8000000000000003,219831.7040986246,4.548934395519962,277147.67433220806,3.6081847066172092
0.0019,1.9,218126.194871522,4.584502107089924,278500.4729830331,3.590658174792121
0.002,2.0,216407.3504210067,4.620915130907355,279846.7004987256,3.573384993347649
0.0021000000000000003,2.1,214674.85381893226,4.658207434222599,281186.45186657994,3.556359111051658
0.0022,2.2,212928.37540228773,4.696414924082758,282519.81980509113,3.5395746772382
0.0023,2.3,211167.57204606882,4.735575591984539,283846.8948391385,3.523026033336455
0.0024000000000000002,2.4000000000000004,209392.08638197798,4.775729671921681,285167.7653719888,3.506707704833132
0.0025,2.5,207601.54595795498,4.8169198133164555,286482.5177542826,3.4906143936423533
0.0026000000000000003,2.6000000000000005,205795.56233298863,4.859191270518966,287791.23635015386,3.4747409708588415
0.0027,2.7,203973.73010103925,4.902592110781353,289094.0036006271,3.4590824698718543
0.0028,2.8,202135.6258371982,4.947173442871515,290390.90008442587,3.443634079818852
0.0029000000000000002,2.9000000000000004,200280.80695841735,4.992989668788492,291682.00457631785,3.4283911393592765
0.003,3.0,198408.8104902385,5.0400987613864,292967.3941031181,3.4133491307500994
0.0031000000000000003,3.1000000000000005,196519.15172992807,5.0885625711140765,294247.14399745915,3.3985036742060446
0.0032,3.2,194611.3227952548,5.1384471655437665,295521.3279494356,3.3838505225284528
0.0033,3.3,192684.7910468162,5.18982320590644,296790.01805622125,3.369385555987833
0.0034000000000000002,3.4000000000000004,190738.99737029514,5.24276636548859,298053.2848697531,3.3551047774460594
0.0035,3.5,188773.35430328126,5.2973577954938,299311.19744256965,3.3410043077051106
0.0036000000000000003,3.6000000000000005,186787.24398928453,5.353684644853839,300563.823371887,3.32708038107002
0.0037,3.7,184780.0159392562,5.411840641515778,301811.2288419916,3.3133293411145215
0.0038,3.8,182750.98457826377,5.47192674396644,303053.47866502195,3.2997476366385587
0.0039000000000000003,3.9000000000000004,180699.42655187612,5.534051873224484,304290.6363202117,3.286331817807493
0.004,4.0,178624.57776322885,5.598333737284037,305522.7639916569,3.2730785324634852
0.0041,4.1000000000000005,176525.63010756669,5.664899762094861,306749.9226046722,3.2599845226000674
0.004200000000000001,4.2,174401.72786618705,5.7338881456912425,307972.1718607933,3.247046620991492
0.0043,4.3,172251.96371600774,5.805449055133575,309189.5702714803,3.2342617479689295
0.0044,4.4,170075.3743042827,5.879745989627486,310402.1751905772,3.2216269083360363
0.0045000000000000005,4.500000000000001,167870.93533010274,5.956957337692747,311610.04284557275,3.20913918841691
0.0046,4.6,165637.5560649904,6.0372781617692715,312813.2283677132,3.1967957532297704
0.0047,4.7,163374.07323383898,6.1209222504276415,314011.78582100815,3.1845938437801706
0.0048000000000000004,4.800000000000001,161079.2441642763,6.208124486728733,315205.7682301723,3.1725307744678437
0.0049,4.8999999999999995,158751.7390967972,6.299143591682234,316395.2276075426,3.160603930601641
0.005,5.0,156390.13252912834,6.394265314748971,317580.2149790072,3.1488107660173426
0.0051,5.1000000000000005,153992.89344554278,6.493806159656547,318760.7804089807,3.1371488007933936
0.005200000000000001,5.200000000000001,151558.37425431437,6.598117754430407,319936.9730244606,3.1256156190599
0.0053,5.3,149084.79822304475,6.70759200078808,321108.84103819344,3.114208866896498
0.0054,5.4,146570.245160724,6.822667171658433,322276.43177098274,3.1029262503148964
0.0055000000000000005,5.500000000000001,144012.63504521584,6.94383516894909,323439.79167316394,3.0917655333221967
0.0056,5.6,141409.7092329374,7.071650210048507,324598.96634527436,3.0807245360612296
0.0057,5.7,138759.0088106577,7.206739285407701,325754.0005579414,3.0698011330244017
0.0058000000000000005,5.800000000000001,136057.84955340327,7.349814827166556,326904.9382710134,3.058993251337708
0.0059,5.8999999999999995,133303.29283194718,7.50169015900215,328051.8226519538,3.0482988691117527
0.006,6.0,130492.11166096808,7.663298472769779,329194.69609352003,3.037716013856775
0.0061,6.1000000000000005,127620.75088492225,7.83571631624168,330333.6002307458,3.0272427609588504
0.006200000000000001,6.200000000000001,124685.28024975059,8.020192904863766,331468.5759572452,3.016877232214574
0.0063,6.3,121681.33878669687,8.218187028275263,332599.6634408561,3.006617594421659
0.0064,6.4,118604.06851488605,8.431413968522417,333726.90213863784,2.9964620580230505
0.006500000000000001,6.500000000000001,115448.03491726573,8.66190577186209,334850.33081123896,2.9864088758022387
0.0066,6.6,112207.1309112947,8.912089560426864,335969.98753664887,2.9764563416275873
0.0067,6.7,108874.46005187253,9.184890556734393,337085.9097233464,2.9666027892436126
0.0068000000000000005,6.800000000000001,105442.19336912247,9.48386948381556,338198.1341228577,2.9568465911072375
0.006900000000000001,6.9,101901.3924109533,9.813408593742738,339306.6968417347,2.9471861572671445
0.007,7.0,98241.78851174733,10.178967780909488,340411.6333529651,2.937619934284451
0.0071,7.1000000000000005,94451.50471490061,10.587443821233698,341512.97850682377,2.928146404193008
0.007200000000000001,7.200000000000001,90516.70163279297,11.047684924013113,342610.76654117426,2.9187640834977144
0.0073,7.3,86421.12104207563,11.57124540785733,343705.03109122993,2.909471522209313
0.0074,7.4,82145.48992147678,12.17352286724328,344795.8051987818,2.9002673029141977
0.007500000000000001,7.500000000000001,77666.73087985747,12.875525835468707,345883.1213209004,2.8911500398778602
0.0076,7.6,72956.8990391827,13.706722916813304,346967.0113381195,2.882118378180626
0.0077,7.7,67981.72448894635,14.709835731845805,348047.5065621059,2.8731709928844413
0.0078000000000000005,7.800000000000001,62698.572890076975,15.949326338786024,349124.637742823,2.8643065882294847
0.0079,7.9,57053.52541516494,17.527400677227877,350198.435075192,2.855523896859469
0.008,8.0,50977.08644603744,19.61665661411554,351268.9282052554,2.846821679074542
0.0081,8.1,44377.68141844502,22.533849629745703,352336.14623584837,2.838198722110718
0.0082,8.200000000000001,37131.46116318771,26.931339857732404,353400.1177317798,2.8296538394448705
0.0083,8.3,29065.67661960662,34.404841596752554,354460.8707245279,2.821185870124316
0.008400000000000001,8.4,19930.42055383084,50.17455589053233,355518.4327164537,2.81279367812008
0.0085,8.5,9349.33934569998,106.9594292199831,356572.83068453264,2.8044761517029904
0.0086,8.6,100.0,10000.0,357624.09108361084,2.7962322028417397
0.008700000000000001,8.700000000000001,100.0,10000.0,358672.23984918324,2.788060766622157
0.0088,8.8,100.0,10000.0,359717.30239969946,2.7799608006868994
0.0089,8.9,100.0,10000.0,360759.3036383962,2.7719312846948525
0.009000000000000001,9.000000000000002,100.0,10000.0,361798.267954659,2.7639712197995405
0.0091,9.1,100.0,10000.0,362834.21922491345,2.7560796281458795
0.0092,9.2,100.0,10000.0,363867.1808130469,2.7482555523846344
0.009300000000000001,9.3,100.0,10000.0,364897.1755703619,2.7404980552039744
0.0094,9.4,100.0,10000.0,365924.2258350603,2.732806218877534
0.0095,9.5,100.0,10000.0,366948.3534312604,2.725179144828423
0.009600000000000001,9.600000000000001,100.0,10000.0,367969.57966754545,2.717615953208642
0.0097,9.700000000000001,100.0,10000.0,368987.9253350446,2.710115782493398
0.0098,9.799999999999999,100.0,10000.0,370003.41070504644,2.7026777890897997
0.0099,9.9,100.0,10000.0,371016.05552614375,2.695301146959487
0.01,10.0,100.0,10000.0,372025.87902091164,2.6879850472547098
0.010100000000000001,10.100000000000001,100.0,10000.0,373032.8998821164,2.6807286979674285
0.0102,10.200000000000001,100.0,10000.0,374037.1362684573,2.673531323591011
0.0103,10.3,100.0,10000.0,375038.6057998392,2.666392164794115
0.010400000000000001,10.400000000000002,100.0,10000.0,376037.3255521781,2.659310478106361
0.0105,10.5,100.0,10000.0,377033.3120517378,2.6522855356154222
0.0106,10.6,100.0,10000.0,378026.5812689993,2.6453166246751616
0.010700000000000001,10.700000000000001,100.0,10000.0,379017.1486120626,2.638403047624463
0.0108,10.8,100.0,10000.0,380005.0289195815,2.631544121516415
0.0109,10.9,100.0,10000.0,380990.2364532327,2.6247391778575193
0.011000000000000001,11.000000000000002,100.0,10000.0,381972.78488971933,2.6179875623566042
0.0111,11.1,100.0,10000.0,382952.68731231143,2.6112886346831266
0.0112,11.2,100.0,10000.0,383929.95620192325,2.604641768234574
0.011300000000000001,11.3,100.0,10000.0,384904.6034277313,2.5980463499126674
0.0114,11.4,100.0,10000.0,385876.6402373343,2.5915017799080755
0.0115,11.5,100.0,10000.0,386846.07724645705,2.5850074714933884
0.011600000000000001,11.600000000000001,100.0,10000.0,387812.9244282042,2.578562850824045
0.0117,11.700000000000001,100.0,10000.0,388777.1911018645,2.5721673567469843
0.0118,11.799999999999999,100.0,10000.0,389738.88592127163,2.565820440616754
0.0119,11.9,100.0,10000.0,390698.0168627265,2.559521566118813
0.012,12.0,100.0,10000.0,391654.5912124859,2.5532702090997983
0.012100000000000001,12.100000000000001,100.0,10000.0,392608.61555382464,2.54706585740451
0.0122,12.200000000000001,100.0,10000.0,393560.09575367667,2.5409080107193716
0.0123,12.3,100.0,10000.0,394509.03694886557,2.534796180422137
0.012400000000000001,12.400000000000002,100.0,10000.0,395455.4435319306,2.52872988943761
0.0125,12.5,100.0,10000.0,396399.3191365596,2.5227086720991565
0.0126,12.6,100.0,10000.0,397340.6666226387,2.516732074015765
0.012700000000000001,12.700000000000001,100.0,10000.0,398279.4880609305,2.510799651944455
0.0128,12.8,100.0,10000.0,399215.7847173947,2.50491097366779
0.0129,12.9,100.0,10000.0,400149.5570371627,2.4990656178762882
0.013000000000000001,13.000000000000002,100.0,10000.0,401080.8046281848,2.493263174055495
0.0131,13.100000000000001,100.0,10000.0,402009.5262445638,2.487503242377512
0.0132,13.2,100.0,10000.0,402935.71976959374,2.4817854335967504
0.013300000000000001,13.3,100.0,10000.0,403859.38219852495,2.476109368949687
0.0134,13.4,100.0,10000.0,404780.5096210736,2.470474680058405
0.0135,13.5,100.0,10000.0,405699.0972037007,2.464881008837695
0.013600000000000001,13.600000000000001,100.0,10000.0,406615.1391716831,2.4593280074054866
0.0137,13.700000000000001,100.0,10000.0,407528.628791005,2.4538153379963767
0.013800000000000002,13.8,100.0,10000.0,408439.55835009465,2.4483426728780477
0.013900000000000001,13.9,100.0,10000.0,409347.9191414388,2.4429096942703104
0.014,14.0,100.0,10000.0,410253.701443106,2.437516094266562
0.014100000000000001,14.100000000000001,100.0,10000.0,411156.8945002119,2.432161574757406
0.0142,14.200000000000001,100.0,10000.0,412057.4865063639,2.426845847356194
0.0143,14.3,100.0,10000.0,412955.46458512195,2.421568633326249
0.014400000000000001,14.400000000000002,100.0,10000.0,413850.81477151817,2.416329663509512
0.0145,14.5,100.0,10000.0,414743.52199367614,2.41112867825636
0.0146,14.6,100.0,10000.0,415633.5700545768,2.4059654273563376
0.014700000000000001,14.700000000000001,100.0,10000.0,416520.941614018,2.4008396699695376
0.0148,14.8,100.0,10000.0,417405.61817081826,2.3957511745583693
0.0149,14.9,100.0,10000.0,418287.5800453182,2.3906997188194254
0.015000000000000001,15.000000000000002,100.0,10000.0,419166.80636223493,2.385685089615187
0.0151,15.100000000000001,100.0,10000.0,420043.2750339275,2.3807070829052757
0.0152,15.2,100.0,10000.0,420916.96274413494,2.3757655036769694
0.015300000000000001,15.3,100.0,10000.0,421787.8449322501,2.370860165874684
0.0154,15.4,100.0,10000.0,422655.895778196,2.3659908923281323
0.0155,15.5,100.0,10000.0,423521.0881879742,2.361157514678852
0.015600000000000001,15.600000000000001,100.0,10000.0,424383.3937799566,2.3563598733048012
0.015700000000000002,15.700000000000003,100.0,10000.0,425242.7828719946,2.3515978172427143
0.0158,15.8,100.0,10000.0,426099.2244694248,2.346871204107897
0.0159,15.9,100.0,10000.0,426952.68625404866,2.3421799000111507
0.016,16.0,100.0,10000.0,427803.1345741701,2.337523779472508
0.0161,16.1,100.0,10000.0,428650.534435775,2.332902725331445
0.0162,16.2,100.0,10000.0,429494.84949493944,2.3283166286532677
0.016300000000000002,16.3,100.0,10000.0,430336.04205155623,2.3237653886313234
0.0164,16.400000000000002,100.0,10000.0,431174.07304447074,2.319248912484729
0.0165,16.5,100.0,10000.0,432008.90204811894,2.3147671153512848
0.0166,16.6,100.0,10000.0,432840.48727076186,2.3103199201752433
0.0167,16.7,100.0,10000.0,433668.7855544136,2.3059072575896224
0.016800000000000002,16.8,100.0,10000.0,434493.75237655855,2.3015290657927334
0.016900000000000002,16.900000000000002,100.0,10000.0,435315.34185375704,2.297185290418611
0.017,17.0,100.0,10000.0,436133.50674723735,2.292875884401043
0.0171,17.1,100.0,10000.0,436948.1984705729,2.2886008078308784
0.0172,17.2,100.0,10000.0,437759.36709954357,2.284360027806342
0.0173,17.3,100.0,10000.0,438566.9613842788,2.2801535182760504
0.017400000000000002,17.400000000000002,100.0,10000.0,439370.92876378016,2.27598125987446
0.0175,17.5,100.0,10000.0,440171.2153829182,2.2718432397494914
0.0176,17.6,100.0,10000.0,440967.76611199864,2.2677394513820683
0.0177,17.7,100.0,10000.0,441760.5245689879,2.2636698943973528
0.0178,17.8,100.0,10000.0,442549.4331444874,2.2596345743674497
0.0179,17.9,100.0,10000.0,443334.4330295416,2.255633502605391
0.018000000000000002,18.000000000000004,100.0,10000.0,444115.46424635884,2.251666695950227
0.0181,18.1,100.0,10000.0,444892.4656820243,2.247734176543068
0.0182,18.2,100.0,10000.0,445665.3751252721,2.2438359715939566
0.0183,18.3,100.0,10000.0,446434.12930638395,2.2399721131394696
0.0184,18.4,100.0,10000.0,447198.6639402714,2.2361426377909788
0.018500000000000003,18.500000000000004,100.0,10000.0,447958.9137727918,2.232347586473539
0.018600000000000002,18.6,100.0,10000.0,448714.81263034185,2.2285870041553886
0.0187,18.700000000000003,100.0,10000.0,449466.2934727612,2.224860939568103
0.0188,18.8,100.0,10000.0,450213.28844957164,2.2211694449174613
0.0189,18.9,100.0,10000.0,450955.72895956587,2.2175125755851375
0.019,19.0,100.0,10000.0,451693.5457137486,2.2138903898213527
0.019100000000000002,19.1,100.0,10000.0,452426.66880162345,2.2103029484286925
0.019200000000000002,19.200000000000003,100.0,10000.0,453155.0277608046,2.2067503144373024
0.0193,19.3,100.0,10000.0,453878.55164992076,2.203232552771751
0.0194,19.400000000000002,100.0,10000.0,454597.1691247661,2.1997497299098794
0.0195,19.5,100.0,10000.0,455310.8085176364,2.196301913534006
0.0196,19.599999999999998,100.0,10000.0,456019.3979197803,2.1928891721748927
0.019700000000000002,19.700000000000003,100.0,10000.0,456722.86526687216,2.189511574848963
0.0198,19.8,100.0,10000.0,457421.1384274076,2.186169190689248
0.0199,19.900000000000002,100.0,10000.0,458114.14529389807,2.1828620885706576
0.02,20.0,100.0,10000.0,458801.8138767347,2.1795903367301594
0.0201,20.1,100.0,10000.0,459484.07240056724,2.176354002382533
0.020200000000000003,20.200000000000003,100.0,10000.0,460160.84940303484,2.173153151332402
0.020300000000000002,20.3,100.0,10000.0,460832.07383566606,2.1699878475832883
0.0204,20.400000000000002,100.0,10000.0,461497.67516675155,2.166858152944483
0.0205,20.5,100.0,10000.0,462157.5834859784,2.1637641266365577
0.0206,20.6,100.0,10000.0,462811.72961059713,2.160705824896411
0.0207,20.7,100.0,10000.0,463460.0451928827,2.157683300582729
0.020800000000000003,20.800000000000004,100.0,10000.0,464102.46282863367,2.1546966027828267
0.020900000000000002,20.900000000000002,100.0,10000.0,464738.916166442,2.151745776421829
0.021,21.0,100.0,10000.0,465369.3400174541,2.1488308618752026
0.0211,21.1,100.0,10000.0,465993.6704653322,2.1459518945856484
0.0212,21.2,100.0,10000.0,466611.84497611545,2.1431089046854077
0.0213,21.3,100.0,10000.0,467223.8025076706,2.1403019166250257
0.021400000000000002,21.400000000000002,100.0,10000.0,467829.4836184158,2.137530948809648
0.021500000000000002,21.5,100.0,10000.0,468428.83057499415,2.1347960132439003
0.0216,21.6,100.0,10000.0,469021.78745856794,2.1320971151864394
0.0217,21.7,100.0,10000.0,469608.3002694046,2.129434252815209
0.0218,21.8,100.0,10000.0,470188.31702941924,2.1268074169044717
0.0219,21.9,100.0,10000.0,470761.78788234387,2.1242165905146217
0.022000000000000002,22.000000000000004,100.0,10000.0,471328.6651911919,2.121661748695797
0.0221,22.1,100.0,10000.0,471888.90363269113,2.119142858206261
0.0222,22.2,100.0,10000.0,472442.46028836584,2.1166598772464855
0.0223,22.3,100.0,10000.0,472989.2947319523,2.1142127552098398
0.0224,22.4,100.0,10000.0,473529.3691128462,2.111801432450732
0.022500000000000003,22.500000000000004,100.0,10000.0,474062.64823528694,2.1094258400709935
0.022600000000000002,22.6,100.0,10000.0,474589.099632999,2.1070858997252624
0.0227,22.700000000000003,100.0,10000.0,475108.69363902515,2.104781523446029
0.0228,22.8,100.0,10000.0,475621.4034505009,2.1025126134889605
0.0229,22.9,100.0,10000.0,476127.205188139,2.1002790621990517
0.023,23.0,100.0,10000.0,476626.077950211,2.0980807518980558
0.023100000000000002,23.1,100.0,10000.0,477118.00386083283,2.0959175547935995
0.023200000000000002,23.200000000000003,100.0,10000.0,477602.9681123849,2.0937893329102795
0.0233,23.3,100.0,10000.0,478080.9590019174,2.0916959380429736
0.0234,23.400000000000002,100.0,10000.0,478551.9679614177,2.089637211732505
0.0235,23.5,100.0,10000.0,479015.9895818396,2.0876129852637217
0.0236,23.599999999999998,100.0,10000.0,479473.0216308195,2.0856230796859543
0.023700000000000002,23.700000000000003,100.0,10000.0,479923.0650640302,2.0836673058557467
0.0238,23.8,100.0,10000.0,480366.1240301491,2.08174546450165
0.0239,23.900000000000002,100.0,10000.0,480802.2058694434,2.079857346310801
0.024,24.0,100.0,10000.0,481231.3211059985,2.0780027320369174
0.0241,24.1,100.0,10000.0,481653.4834336461,2.0761813926292567
0.024200000000000003,24.200000000000003,100.0,10000.0,482068.7096956671,2.0743930893820224
0.024300000000000002,24.3,100.0,10000.0,482477.0198583755,2.0726375741036045
0.0244,24.400000000000002,100.0,10000.0,482878.43697870674,2.0709145893050023
0.0245,24.5,100.0,10000.0,483272.98716596223,2.0692238684066715
0.0246,24.6,100.0,10000.0,483660.6995378792,2.0675651359630107
0.0247,24.7,100.0,10000.0,484041.60617121897,2.0659381079036256
0.024800000000000003,24.800000000000004,100.0,10000.0,484415.742047082,2.0643424917904643
0.024900000000000002,24.900000000000002,100.0,10000.0,484783.14499118,2.062777987089864
0.025,25.0,100.0,10000.0,485143.85560930846,2.0612442854585193
0.0251,25.1,100.0,10000.0,485497.91721827904,2.059741071042333
0.0252,25.2,100.0,10000.0,485845.3757725838,2.0582680207870983
0.0253,25.3,100.0,10000.0,486186.2797870743,2.056824804759918
0.025400000000000002,25.400000000000002,100.0,10000.0,486520.6802559498,2.0554110864802664
0.025500000000000002,25.500000000000004,100.0,10000.0,486848.63056835334,2.0540265232595747
0.0256,25.6,100.0,10000.0,487170.18642088387,2.0526707665482307
0.0257,25.7,100.0,10000.0,487485.4057273354,2.0513434622888562
0.0258,25.8,100.0,10000.0,487794.3485259765,2.0500442512747705
0.025900000000000003,25.900000000000002,100.0,10000.0,488097.0768846844,2.0487727695125195
0.026000000000000002,26.000000000000004,100.0,10000.0,488393.6548042499,2.0475286485873863
0.0261,26.1,100.0,10000.0,488684.148120161,2.0463115160308276
0.0262,26.200000000000003,100.0,10000.0,488968.6244031777,2.04512099568878
0.0263,26.3,100.0,10000.0,489247.15285899746,2.043956708089833
0.0264,26.4,100.0,10000.0,489519.8042273097,2.042818270812283
0.026500000000000003,26.500000000000004,100.0,10000.0,489786.6506805279,2.0417052988491267
0.026600000000000002,26.6,100.0,10000.0,490047.7657224785,2.040617404970101
0.0267,26.700000000000003,100.0,10000.0,490303.22408731835,2.0395542000798867
0.0268,26.8,100.0,10000.0,490553.1016389393,2.038515293571679
0.0269,26.9,100.0,10000.0,490797.47527110827,2.037500293675343
0.027,27.0,100.0,10000.0,491036.42280857876,2.0365088077994393
0.027100000000000003,27.1,100.0,10000.0,491270.02290939743,2.035540442866438
0.027200000000000002,27.200000000000003,100.0,10000.0,491498.3549686143,2.0345948056405136
0.0273,27.3,100.0,10000.0,491721.4990235944,2.033671503047331
0.0274,27.400000000000002,100.0,10000.0,491939.5356611125,2.032770142485316
0.0275,27.5,100.0,10000.0,492152.5459263987,2.031890332127937
0.027600000000000003,27.6,100.0,10000.0,492360.61123428954,2.031031681216576
0.027700000000000002,27.700000000000003,100.0,10000.0,492563.8132826253,2.0301938003436235
0.027800000000000002,27.8,100.0,10000.0,492762.2339680176,2.029376301725477
0.0279,27.900000000000002,100.0,10000.0,492955.95530410064,2.0285787994651727
0.028,28.0,100.0,10000.0,493145.0593423641,2.027800909804419
0.0281,28.1,100.0,10000.0,493329.6280956522,2.0270422513648603
0.028200000000000003,28.200000000000003,100.0,10000.0,493509.7434644015,2.026302445378433
0.028300000000000002,28.3,100.0,10000.0,493685.48716567573,2.0255811159067156
0.0284,28.400000000000002,100.0,10000.0,493856.94066504645,2.024877890049216
0.0285,28.5,100.0,10000.0,494024.18511135224,2.0241923981405923
0.0286,28.6,100.0,10000.0,494187.30127436435,2.0235242739368102
0.0287,28.7,100.0,10000.0,494346.36948536884,2.022873154790301
0.028800000000000003,28.800000000000004,100.0,10000.0,494501.469580672,2.022238681814194
0.028900000000000002,28.900000000000002,100.0,10000.0,494652.6808480209,2.0216205000357497
0.029,29.0,100.0,10000.0,494800.08197592595,2.0210182585391205
0.0291,29.1,100.0,10000.0,494943.751005862,2.0204316105976177
0.0292,29.2,100.0,10000.0,495083.7652873176,2.0198602137956563
0.029300000000000003,29.300000000000004,100.0,10000.0,495220.2014356552,2.0193037301406047
0.029400000000000003,29.400000000000002,100.0,10000.0,495353.1352927375,2.0187618261647473
0.029500000000000002,29.500000000000004,100.0,10000.0,495482.6418902714,2.018234173017625
0.0296,29.6,100.0,10000.0,495608.7954158134,2.017720446548986
0.0297,29.7,100.0,10000.0,495731.66918137675,2.0172203273826415
0.0298,29.8,100.0,10000.0,495851.33559457713,2.0167335009814913
0.029900000000000003,29.900000000000002,100.0,10000.0,495967.8661322489,2.0162596577040173
0.030000000000000002,30.000000000000004,100.0,10000.0,496081.3313164601,2.0157984928525363
0.030100000000000002,30.1,100.0,10000.0,496191.80069285474,2.0153497067135238
0.0302,30.200000000000003,100.0,10000.0,496299.3428112446,2.0149130045903076
0.0303,30.3,100.0,10000.0,496404.02520837483,2.014488096828448
0.0304,30.4,100.0,10000.0,496505.91439278354,2.01407469883411
0.030500000000000003,30.500000000000004,100.0,10000.0,496605.0758316756,2.013672531085748
0.030600000000000002,30.6,100.0,10000.0,496701.57393973065,2.013281319139406
0.0307,30.700000000000003,100.0,10000.0,496795.4720697643,2.012900793627949
0.0308,30.8,100.0,10000.0,496886.8325051615,2.0125306902545304
0.0309,30.900000000000002,100.0,10000.0,496975.7164540023,2.0121707497805987
0.031,31.0,100.0,10000.0,497062.1840447991,2.0118207180087397
0.031100000000000003,31.1,100.0,10000.0,497146.294323768,2.0114803457606523
0.031200000000000002,31.200000000000003,100.0,10000.0,497228.10525355337,2.0111493888505483
0.0313,31.3,100.0,10000.0,497307.6737133317,2.0108276080542455
0.031400000000000004,31.400000000000006,100.0,10000.0,497385.05550021713,2.010514769074246
0.0315,31.5,100.0,10000.0,497460.30533189577,2.0102106425010526
0.0316,31.6,100.0,10000.0,497533.4768504158,2.0099150037709954
0.0317,31.7,100.0,10000.0,497604.6226270627,2.0096276331208145
0.0318,31.8,100.0,10000.0,497673.7941682519,2.009348315539241
0.031900000000000005,31.900000000000006,100.0,10000.0,497741.0419223707,2.0090768407158257
0.032,32.0,100.0,10000.0,497806.41528750584,2.0088130029872246
0.032100000000000004,32.1,100.0,10000.0,497869.9626199936,2.0085566012811746
0.0322,32.2,100.0,10000.0,497931.73124373175,2.008307439058371
0.0323,32.300000000000004,100.0,10000.0,497991.76746019535,2.0080653242524344
0.0324,32.4,100.0,10000.0,498050.1165591004,2.007830069208179
0.0325,32.5,100.0,10000.0,498106.8228296606,2.007601490618356
0.032600000000000004,32.6,100.0,10000.0,498161.92957238574,2.007379409459057
0.0327,32.7,100.0,10000.0,498215.47911137267,2.007163650923934
0.0328,32.800000000000004,100.0,10000.0,498267.5128070405,2.006954044357415
0.0329,32.9,100.0,10000.0,498318.07106926525,2.006750423187045
0.033,33.0,100.0,10000.0,498367.1933708704,2.006552624855122
0.033100000000000004,33.1,100.0,10000.0,498414.9182614321,2.006360490749743
0.0332,33.2,100.0,10000.0,498461.283381361,2.0061738661354034
0.0333,33.300000000000004,100.0,10000.0,498506.3254762217,2.0059926000832644
0.0334,33.4,100.0,10000.0,498550.080411256,2.005816545401208
0.0335,33.5,100.0,10000.0,498592.5831860768,2.0056455585637862
0.033600000000000005,33.6,100.0,10000.0,498633.86794950045,2.005479499642162
0.0337,33.7,100.0,10000.0,498673.96801448776,2.005318232234147
0.033800000000000004,33.800000000000004,100.0,10000.0,498712.9158731673,2.00516162339441
0.0339,33.9,100.0,10000.0,498750.74321191275,2.0050095435649564
0.034,34.0,100.0,10000.0,498787.4809264515,2.0048618665059372
0.0341,34.1,100.0,10000.0,498823.1591369799,2.0047184692268742
0.0342,34.2,100.0,10000.0,498857.80720326526,2.0045792319183624
0.034300000000000004,34.300000000000004,100.0,10000.0,498891.45373971295,2.0044440378843027
0.0344,34.4,100.0,10000.0,498924.1266303815,2.0043127734747355
0.0345,34.5,100.0,10000.0,498955.8530439268,2.004185328019316
0.0346,34.6,100.0,10000.0,498986.6594484604,2.004061593761483
0.0347,34.7,100.0,10000.0,499016.5716263072,2.0039414657933614
0.034800000000000005,34.800000000000004,100.0,10000.0,499045.6146886478,2.0038248419914386
0.0349,34.9,100.0,10000.0,499073.8130900334,2.003711622953054
0.035,35.0,100.0,10000.0,499101.1906427635,2.0036017119337224
0.0351,35.1,100.0,10000.0,499127.77053111204,2.003495014785332
0.0352,35.2,100.0,10000.0,499153.5753253962,2.0033914398952346
0.035300000000000005,35.300000000000004,100.0,10000.0,499178.6269958779,2.0032908981262487
0.0354,35.4,100.0,10000.0,499202.9469264886,2.0031933027576008
0.035500000000000004,35.50000000000001,100.0,10000.0,499226.5559283741,2.0030985694268106
0.0356,35.6,100.0,10000.0,499249.4742532483,2.003006616072553
0.0357,35.7,100.0,10000.0,499271.72160655545,2.0029173628784784
0.0358,35.8,100.0,10000.0,499293.3171604323,2.0028307322180345
0.0359,35.9,100.0,10000.0,499314.2795664676,2.0027466486002674
0.036000000000000004,36.00000000000001,100.0,10000.0,499334.62696825585,2.0026650386166245
0.0361,36.1,100.0,10000.0,499354.3770137409,2.002585830888757
0.0362,36.2,100.0,10000.0,499373.54686734773,2.0025089560173224
0.0363,36.3,100.0,10000.0,499392.15322190156,2.002434346531786
0.0364,36.4,100.0,10000.0,499410.21231032984,2.002361936841226
0.036500000000000005,36.50000000000001,100.0,10000.0,499427.7399171493,2.0022916631861323
0.0366,36.6,100.0,10000.0,499444.7513897358,2.002223463591195
0.0367,36.7,100.0,10000.0,499461.2616493758,2.002157277819085
0.0368,36.8,100.0,10000.0,499477.2852021024,2.0020930473252094
0.0369,36.900000000000006,100.0,10000.0,499492.83614931273,2.0020307152134436
0.037000000000000005,37.00000000000001,100.0,10000.0,499507.92819817056,2.001970226192823
0.0371,37.1,100.0,10000.0,499522.5746717928,2.0019115265351957
0.037200000000000004,37.2,100.0,10000.0,499536.78851922264,2.001854564033814
0.0373,37.3,100.0,10000.0,499550.5823251899,2.0017992879628657
0.0374,37.400000000000006,100.0,10000.0,499563.9683196602,2.0017456490379257
0.0375,37.5,100.0,10000.0,499576.9583871761,2.0016935993773197
0.0376,37.6,100.0,10000.0,499589.5640759898,2.001643092464388
0.037700000000000004,37.7,100.0,10000.0,499601.79660699295,2.001594083110635
0.0378,37.8,100.0,10000.0,499613.6668824418,2.001546527419752
0.0379,37.900000000000006,100.0,10000.0,499625.1854944846,2.0015003827525004
0.038,38.0,100.0,10000.0,499636.36273348983,2.0014556076924452
0.0381,38.1,100.0,10000.0,499647.20859618107,2.0014121620125134
0.038200000000000005,38.2,100.0,10000.0,499657.73279357894,2.001370006642377
0.0383,38.3,100.0,10000.0,499667.94475875475,2.0013291036366385
0.038400000000000004,38.400000000000006,100.0,10000.0,499677.85365439754,2.0012894161438073
0.0385,38.5,100.0,10000.0,499687.4683801985,2.001250908376048
0.0386,38.6,100.0,10000.0,499696.7975800547,2.001213545579694
0.038700000000000005,38.7,100.0,10000.0,499705.8496490965,2.0011772940065042
0.0388,38.800000000000004,100.0,10000.0,499714.63274054014,2.0011421208856537
0.038900000000000004,38.900000000000006,100.0,10000.0,499723.1547723712,2.001107994396437
0.039,39.0,100.0,10000.0,499731.4234338585,2.001074883641681
0.0391,39.1,100.0,10000.0,499739.4461919049,2.00104275862184
0.0392,39.199999999999996,100.0,10000.0,499747.2302972371,2.0010115902097647
0.0393,39.300000000000004,100.0,10000.0,499754.78279043623,2.000981350126134
0.039400000000000004,39.400000000000006,100.0,10000.0,499762.11050781433,2.000952010915529
0.0395,39.5,100.0,10000.0,499769.2200871396,2.000923545923137
0.0396,39.6,100.0,10000.0,499776.1179732118,2.000895929272075
0.0397,39.699999999999996,100.0,10000.0,499782.8104232937,2.0008691358413166
0.0398,39.800000000000004,100.0,10000.0,499789.303512399,2.0008431412442014
0.039900000000000005,39.900000000000006,100.0,10000.0,499795.60313844256,2.000817921807531
0.04,40.0,100.0,10000.0,499801.71502725227,2.000793454551219
0.040100000000000004,40.1,100.0,10000.0,499807.64473745035,2.000769717168495
0.0402,40.2,100.0,10000.0,499813.3976652031,2.0007466880066382
0.0403,40.300000000000004,100.0,10000.0,499818.97904884326,2.0007243460482482
0.040400000000000005,40.400000000000006,100.0,10000.0,499824.3939733696,2.0007026708930087
0.0405,40.5,100.0,10000.0,499829.6473748239,2.000681642739965
0.040600000000000004,40.6,100.0,10000.0,499834.7440445502,2.000661242370278
0.0407,40.7,100.0,10000.0,499839.68863333814,2.000641451130462
0.0408,40.800000000000004,100.0,10000.0,499844.4856554535,2.0006222509160723
0.0409,40.9,100.0,10000.0,499849.139492559,2.000603624155857
0.041,41.0,100.0,10000.0,499853.654397527,2.0005855537963386
0.041100000000000005,41.1,100.0,10000.0,499858.0344981477,2.000568023286831
0.0412,41.2,100.0,10000.0,499862.28380073566,2.0005510165648714
0.0413,41.300000000000004,100.0,10000.0,499866.40619363566,2.0005345180420573
0.0414,41.4,100.0,10000.0,499870.40545063204,2.0005185125902827
0.0415,41.5,100.0,10000.0,499874.2852342633,2.0005029855283625
0.041600000000000005,41.60000000000001,100.0,10000.0,499878.04909904435,2.000487922609026
0.0417,41.7,100.0,10000.0,499881.7004945984,2.0004733100062855
0.041800000000000004,41.800000000000004,100.0,10000.0,499885.24276870186,2.0004591343031555
0.0419,41.9,100.0,10000.0,499888.6791702435,2.0004453824797204
0.042,42.0,100.0,10000.0,499892.01285210036,2.000432041901544
0.042100000000000005,42.10000000000001,100.0,10000.0,499895.24687393307,2.000419100308403
0.0422,42.2,100.0,10000.0,499898.3842049016,2.0004065458033438
0.042300000000000004,42.300000000000004,100.0,10000.0,499901.427726305,2.0003943668420527
0.0424,42.4,100.0,10000.0,499904.3802341459,2.0003825522225243
0.0425,42.5,100.0,10000.0,499907.24444162264,2.000371091075029
0.0426,42.6,100.0,10000.0,499910.02298154955,2.0003599728523698
0.0427,42.7,100.0,10000.0,499912.71840871,2.0003491873204102
0.042800000000000005,42.800000000000004,100.0,10000.0,499915.3332021404,2.000338724548884
0.0429,42.9,100.0,10000.0,499917.8697673507,2.0003285749024635
0.043000000000000003,43.0,100.0,10000.0,499920.3304384805,2.0003187290320823
0.0431,43.1,100.0,10000.0,499922.7174803928,2.000309177866518
0.0432,43.2,100.0,10000.0,499925.0330907091,2.0002999126042056
0.043300000000000005,43.300000000000004,100.0,10000.0,499927.279401785,2.000290924705297
0.0434,43.4,100.0,10000.0,499929.4584826291,2.0002822058839462
0.043500000000000004,43.50000000000001,100.0,10000.0,499931.5723407668,2.0002737481008164
0.0436,43.6,100.0,10000.0,499933.62292405055,2.0002655435558077
0.0437,43.7,100.0,10000.0,499935.61212241714,2.0002575846809934
0.0438,43.8,100.0,10000.0,499937.54176959465,2.0002498641337647
0.0439,43.9,100.0,10000.0,499939.4136447603,2.0002423747901688
0.044000000000000004,44.00000000000001,100.0,10000.0,499941.22947414947,2.000235109738448
0.0441,44.1,100.0,10000.0,499942.99093261844,2.000228062272761
0.0442,44.2,100.0,10000.0,499944.69964516204,2.000221225887092
0.0443,44.3,100.0,10000.0,499946.35718838667,2.0002145942693335
0.0444,44.4,100.0,10000.0,499947.9650919406,2.000208161295545
0.044500000000000005,44.50000000000001,100.0,10000.0,499949.52483990305,2.0002019210243795
0.0446,44.6,100.0,10000.0,499951.03787213203,2.00019586769167
0.044700000000000004,44.7,100.0,10000.0,499952.50558557344,2.000189995705176
0.0448,44.8,100.0,10000.0,499953.92933553155,2.000184299639488
0.0449,44.900000000000006,100.0,10000.0,499955.3104369028,2.0001787742310735
0.045000000000000005,45.00000000000001,100.0,10000.0,499956.65016537305,2.0001734143734766
0.0451,45.1,100.0,10000.0,499957.94975858,2.0001682151126525
0.045200000000000004,45.2,100.0,10000.0,499959.2104172416,2.00016317164244
0.0453,45.3,100.0,10000.0,499960.43330625125,2.000158279300172
0.0454,45.400000000000006,100.0,10000.0,499961.6195557408,2.0001535335624094
0.0455,45.5,100.0,10000.0,499962.77026211284,2.0001489300408015
0.0456,45.6,100.0,10000.0,499963.88648904185,2.0001444644780717
0.045700000000000005,45.7,100.0,10000.0,499964.9692684467,2.0001401327441184
0.0458,45.8,100.0,10000.0,499966.01960143406,2.000135930832231
0.0459,45.900000000000006,100.0,10000.0,499967.0384592143,2.0001318548554208
0.046,46.0,100.0,10000.0,499968.02678399015,2.000127901042855
0.0461,46.1,100.0,10000.0,499968.9854898194,2.0001240657363986
0.046200000000000005,46.2,100.0,10000.0,499969.9154634522,2.0001203453872614
0.0463,46.300000000000004,100.0,10000.0,499970.8175651436,2.000116736552739
0.046400000000000004,46.400000000000006,100.0,10000.0,499971.6926294416,2.0001132358930542
0.0465,46.5,100.0,10000.0,499972.5414659532,2.000109840168287
0.0466,46.6,100.0,10000.0,499973.36486008647,2.000106546235402
0.046700000000000005,46.7,100.0,10000.0,499974.1635737712,2.0001033510453587
0.0468,46.800000000000004,100.0,10000.0,499974.9383461587,2.000100251640309
0.046900000000000004,46.900000000000006,100.0,10000.0,499975.6898943002,2.0000972451508794
0.047,47.0,100.0,10000.0,499976.41891380533,2.0000943287935296
0.0471,47.1,100.0,10000.0,499977.1260794816,2.000091499867995
0.0472,47.199999999999996,100.0,10000.0,499977.8120459543,2.0000887557548
0.0473,47.300000000000004,100.0,10000.0,499978.4774482684,2.0000860939128478
0.047400000000000005,47.400000000000006,100.0,10000.0,499979.12290247245,2.0000835118770817
0.0475,47.5,100.0,10000.0,499979.74900618533,2.0000810072562136
0.0476,47.6,100.0,10000.0,499980.35633914603,2.0000785777305246
0.0477,47.7,100.0,10000.0,499980.9454637472,2.0000762210497247
0.0478,47.800000000000004,100.0,10000.0,499981.51692555257,2.000073935030883
0.047900000000000005,47.900000000000006,100.0,10000.0,499982.0712537999,2.000071717556412
0.048,48.0,100.0,10000.0,499982.6089618876,2.0000695665721198
0.048100000000000004,48.1,100.0,10000.0,499983.1305478485,2.00006748008531
0.0482,48.2,100.0,10000.0,499983.63649480767,2.000065456162954
0.0483,48.300000000000004,100.0,10000.0,499984.1272714287,2.0000634929298973
0.048400000000000006,48.400000000000006,100.0,10000.0,499984.60333234497,2.0000615885671373
0.0485,48.5,100.0,10000.0,499985.06511857896,2.000059741310143
0.048600000000000004,48.6,100.0,10000.0,499985.51305794914,2.000057949447224
0.0487,48.7,100.0,10000.0,499985.9475654643,2.0000562113179545
0.0488,48.800000000000004,100.0,10000.0,499986.36904370633,2.000054525311639
0.0489,48.9,100.0,10000.0,499986.7778832018,2.000052889865825
0.049,49.0,100.0,10000.0,499987.1744627823,2.00005130346486
0.049100000000000005,49.1,100.0,10000.0,499987.5591499338,2.0000497646384936
0.0492,49.2,100.0,10000.0,499987.93230113643,2.0000482719605173
0.049300000000000004,49.300000000000004,100.0,10000.0,499988.29426219297,2.0000468240474483
0.0494,49.4,100.0,10000.0,499988.64536854846,2.000045419557251
0.0495,49.5,100.0,10000.0,499988.9859455998,2.0000440571880973
0.049600000000000005,49.60000000000001,100.0,10000.0,499989.31630899664,2.000042735677163
0.0497,49.7,100.0,10000.0,499989.6367649325,2.000041453799461
0.049800000000000004,49.800000000000004,100.0,10000.0,499989.94761042786,2.000040210366709
0.0499,49.9,100.0,10000.0,499990.2491336047,2.000039004226231
0.05,50.0,100.0,10000.0,499990.5416139526,2.0000378342598912
0.050100000000000006,50.10000000000001,100.0,10000.0,499990.82532258716,2.0000366993830614
0.0502,50.2,100.0,10000.0,499991.1005225003,2.0000355985436156
0.050300000000000004,50.300000000000004,100.0,10000.0,499991.36746880383,2.00003453072096
0.0504,50.4,100.0,10000.0,499991.6264089648,2.0000334949250864
0.0505,50.5,100.0,10000.0,499991.8775830349,2.000032490195658
0.0506,50.6,100.0,10000.0,499992.121223872,2.000031515601121
0.0507,50.7,100.0,10000.0,499992.3575573554,2.000030570237841
0.050800000000000005,50.800000000000004,100.0,10000.0,499992.58680259524,2.0000296532292694
0.0509,50.9,100.0,10000.0,499992.8091721348,2.0000287637251306
0.051000000000000004,51.00000000000001,100.0,10000.0,499993.0248721471,2.000027900900636
0.0511,51.1,100.0,10000.0,499993.2341026259,2.0000270639557205
0.0512,51.2,100.0,10000.0,499993.43705757055,2.0000262521143
0.051300000000000005,51.300000000000004,100.0,10000.0,499993.6339251654,2.000025464623558
0.0514,51.4,100.0,10000.0,499993.82488795446,2.000024700753242
0.051500000000000004,51.50000000000001,100.0,10000.0,499994.01012300944,2.0000239597949947
0.0516,51.6,100.0,10000.0,499994.1898020946,2.0000232410616916
0.0517,51.7,100.0,10000.0,499994.36409182503,2.0000225438868107
0.051800000000000006,51.800000000000004,100.0,10000.0,499994.5331538212,2.000021867623809
0.0519,51.9,100.0,10000.0,499994.69714485866,2.0000212116455303
0.052000000000000005,52.00000000000001,100.0,10000.0,499994.85621701286,2.000020575343619
0.0521,52.1,100.0,10000.0,499995.01051780017,2.000019958127961
0.0522,52.2,100.0,10000.0,499995.1601903145,2.0000193594261337
0.0523,52.3,100.0,10000.0,499995.3053733597,2.000018778682879
0.0524,52.400000000000006,100.0,10000.0,499995.446201578,2.0000182153595865
0.052500000000000005,52.50000000000001,100.0,10000.0,499995.58280557516,2.000017668933794
0.0526,52.6,100.0,10000.0,499995.7153120406,2.0000171388987074
0.052700000000000004,52.7,100.0,10000.0,499995.8438438657,2.0000166247627273
0.0528,52.8,100.0,10000.0,499995.96852025687,2.0000161260489966
0.0529,52.900000000000006,100.0,10000.0,499996.0894568463,2.0000156422949544
0.053000000000000005,53.00000000000001,100.0,10000.0,499996.2067657993,2.0000151730519127
0.0531,53.1,100.0,10000.0,499996.32055591745,2.0000147178846377
0.053200000000000004,53.2,100.0,10000.0,499996.43093274033,2.0000142763709454
0.0533,53.3,100.0,10000.0,499996.53799864266,2.0000138481013137
0.0534,53.400000000000006,100.0,10000.0,499996.6418529292,2.000013432678501
0.053500000000000006,53.50000000000001,100.0,10000.0,499996.74259192724,2.000013029717177
0.0536,53.6,100.0,10000.0,499996.8403090753,2.000012638843568
0.053700000000000005,53.7,100.0,10000.0,499996.93509501,2.0000122596951098
0.0538,53.8,100.0,10000.0,499997.0270376498,2.000011891920109
0.0539,53.900000000000006,100.0,10000.0,499997.11622227705,2.0000115351774217
0.054,54.0,100.0,10000.0,499997.2027316162,2.000011189136133
0.0541,54.1,100.0,10000.0,499997.2866459111,2.000010853475254
0.054200000000000005,54.2,100.0,10000.0,499997.3680429992,2.000010527883421
0.0543,54.300000000000004,100.0,10000.0,499997.4469983835,2.000010212058609
0.054400000000000004,54.400000000000006,100.0,10000.0,499997.5235853028,2.00000990570785
0.0545,54.5,100.0,10000.0,499997.5978747994,2.0000096085469643
0.0546,54.6,100.0,10000.0,499997.66993578523,2.000009320300293
0.054700000000000006,54.7,100.0,10000.0,499997.7398351051,2.000009040700447
0.0548,54.800000000000004,100.0,10000.0,499997.80763759953,2.000008769488054
0.054900000000000004,54.900000000000006,100.0,10000.0,499997.87340616394,2.0000085064115236
0.055,55.0,100.0,10000.0,499997.9372018078,2.00000825122681
0.0551,55.1,100.0,10000.0,499997.99908371066,2.000008003697187
0.055200000000000006,55.2,100.0,10000.0,499998.05910927727,2.0000077635930276
0.0553,55.300000000000004,100.0,10000.0,499998.1173341903,2.0000075306915943
0.055400000000000005,55.400000000000006,100.0,10000.0,499998.17381246295,2.000007304776828
0.0555,55.5,100.0,10000.0,499998.22859648796,2.0000070856391514
0.055600000000000004,55.6,100.0,10000.0,499998.28173708677,2.0000068730752725
0.0557,55.7,100.0,10000.0,499998.3332835568,2.0000066668879963
0.0558,55.800000000000004,100.0,10000.0,499998.38328371634,2.000006466886045
0.055900000000000005,55.900000000000006,100.0,10000.0,499998.43178394996,2.000006272883875
0.056,56.0,100.0,10000.0,499998.47882925073,2.000006084701509
0.056100000000000004,56.1,100.0,10000.0,499998.5244632623,2.0000059021643684
0.0562,56.2,100.0,10000.0,499998.5687283192,2.0000057251031116
0.0563,56.300000000000004,100.0,10000.0,499998.61166548607,2.0000055533534753
0.056400000000000006,56.400000000000006,100.0,10000.0,499998.6533145961,2.000005386756124
0.0565,56.5,100.0,10000.0,499998.69371428754,2.000005225156501
0.056600000000000004,56.6,100.0,10000.0,499998.7329020397,2.0000050684046853
0.0567,56.7,100.0,10000.0,499998.7709142077,2.0000049163552545
0.0568,56.800000000000004,100.0,10000.0,499998.8077860562,2.0000047688671465
0.056900000000000006,56.900000000000006,100.0,10000.0,499998.8435517921,2.000004625803531
0.057,57.0,100.0,10000.0,499998.8782445962,2.0000044870316818
0.057100000000000005,57.1,100.0,10000.0,499998.91189665423,2.000004352422855
0.0572,57.2,100.0,10000.0,499998.9445391862,2.000004221852167
0.057300000000000004,57.300000000000004,100.0,10000.0,499998.9762024757,2.000004095198482
0.0574,57.4,100.0,10000.0,499999.0069158983,2.000003972344296
0.0575,57.5,100.0,10000.0,499999.03670794785,2.000003853175632
0.057600000000000005,57.60000000000001,100.0,10000.0,499999.0656062639,2.0000037375819293
0.0577,57.7,100.0,10000.0,499999.09363765677,2.000003625455945
0.057800000000000004,57.800000000000004,100.0,10000.0,499999.1208281327,2.0000035166936527
0.0579,57.9,100.0,10000.0,499999.1472029176,2.0000034111941476
0.058,58.0,100.0,10000.0,499999.172786481,2.0000033088595504
0.058100000000000006,58.10000000000001,100.0,10000.0,499999.197602558,2.0000032095949187
0.0582,58.2,100.0,10000.0,499999.2216741721,2.000003113308158
0.058300000000000005,58.300000000000004,100.0,10000.0,499999.2450236561,2.0000030199099355
0.0584,58.4,100.0,10000.0,499999.2676726728,2.0000029293135992
0.0585,58.5,100.0,10000.0,499999.28964223515,2.000002841435096
0.058600000000000006,58.60000000000001,100.0,10000.0,499999.3109527258,2.000002756192895
0.0587,58.7,100.0,10000.0,499999.3316239161,2.0000026735079097
0.058800000000000005,58.800000000000004,100.0,10000.0,499999.3516749841,2.0000025933034262
0.0589,58.9,100.0,10000.0,499999.3711245328,2.0000025155050327
0.059000000000000004,59.00000000000001,100.0,10000.0,499999.389990607,2.000002440040549
0.0591,59.1,100.0,10000.0,499999.40829071007,2.000002366839961
0.0592,59.2,100.0,10000.0,499999.42604182067,2.0000022958353525
0.059300000000000005,59.300000000000004,100.0,10000.0,499999.4432604079,2.000002226960848
0.0594,59.4,100.0,10000.0,499999.4599624468,2.0000021601525457
0.059500000000000004,59.50000000000001,100.0,10000.0,499999.4761634334,2.000002095348462
0.0596,59.6,100.0,10000.0,499999.4918783987,2.000002032488471
0.0597,59.7,100.0,10000.0,499999.50712192274,2.0000019715142523
0.059800000000000006,59.800000000000004,100.0,10000.0,499999.5219081485,2.0000019123692345
0.0599,59.9,100.0,10000.0,499999.53625079425,2.0000018549985437
0.060000000000000005,60.00000000000001,100.0,10000.0,499999.5501631672,2.0000017993489503
0.0601,60.1,100.0,10000.0,499999.563658175,2.0000017453688232
0.060200000000000004,60.2,100.0,10000.0,499999.57674833835,2.00000169300808
0.0603,60.3,100.0,10000.0,499999.5894458022,2.0000016422181397
0.0604,60.400000000000006,100.0,10000.0,499999.6017623472,2.0000015929518797
0.060500000000000005,60.50000000000001,100.0,10000.0,499999.61370940064,2.0000015451635913
0.0606,60.6,100.0,10000.0,499999.62529804703,2.000001498808935
0.060700000000000004,60.7,100.0,10000.0,499999.63653903815,2.0000014538449045
0.0608,60.8,100.0,10000.0,499999.6474428036,2.00000141022978
0.0609,60.900000000000006,100.0,10000.0,499999.6580194598,2.0000013679230966
0.061000000000000006,61.00000000000001,100.0,10000.0,499999.6682788199,2.000001326885601
0.0611,61.1,100.0,10000.0,499999.6782304024,2.0000012870792188
0.061200000000000004,61.2,100.0,10000.0,499999.68788344064,2.000001248467017
0.0613,61.3,100.0,10000.0,499999.6972468907,2.0000012110131706
0.0614,61.400000000000006,100.0,10000.0,499999.70632943994,2.00000117468293
0.061500000000000006,61.50000000000001,100.0,10000.0,499999.71513951535,2.000001139442588
0.0616,61.6,100.0,10000.0,499999.72368529096,2.000001105259447
0.061700000000000005,61.7,100.0,10000.0,499999.7319746955,2.0000010721017927
0.0618,61.800000000000004,100.0,10000.0,499999.7400154202,2.0000010399388604
0.061900000000000004,61.900000000000006,100.0,10000.0,499999.74781492515,2.0000010087408078
0.062,62.0,100.0,10000.0,499999.75538044685,2.0000009784786914
0.0621,62.1,100.0,10000.0,499999.76271900465,2.000000949124432
0.062200000000000005,62.2,100.0,10000.0,499999.7698374075,2.000000920650794
0.0623,62.300000000000004,100.0,10000.0,499999.77674225986,2.0000008930313595
0.062400000000000004,62.400000000000006,100.0,10000.0,499999.78343996813,2.0000008662405024
0.0625,62.5,100.0,10000.0,499999.7899367466,2.0000008402533664
0.0626,62.6,100.0,10000.0,499999.796238623,2.00000081504584
0.0627,62.7,100.0,10000.0,499999.8023514444,2.000000790594535
0.06280000000000001,62.80000000000001,100.0,10000.0,499999.8082808823,2.000000766876765
0.0629,62.9,100.0,10000.0,499999.81403243815,2.000000743870524
0.063,63.0,100.0,10000.0,499999.8196114484,2.000000721554467
0.0631,63.1,100.0,10000.0,499999.82502308936,2.0000006999078876
0.0632,63.2,100.0,10000.0,499999.83027238195,2.0000006789107028
0.06330000000000001,63.30000000000001,100.0,10000.0,499999.8353641966,2.0000006585434305
0.0634,63.4,100.0,10000.0,499999.8403032578,2.0000006387871725
0.0635,63.5,100.0,10000.0,499999.8450941478,2.000000619623601
0.0636,63.6,100.0,10000.0,499999.84974131186,2.0000006010349334
0.0637,63.70000000000001,100.0,10000.0,499999.85424906167,2.0000005830039234
0.06380000000000001,63.80000000000001,100.0,10000.0,499999.8586215796,2.0000005655138415
0.0639,63.9,100.0,10000.0,499999.8628629226,2.00000054854846
0.064,64.0,100.0,10000.0,499999.86697702593,2.000000532092038
0.0641,64.10000000000001,100.0,10000.0,499999.8709677066,2.000000516129307
0.06420000000000001,64.2,100.0,10000.0,499999.87483866746,2.0000005006454558
0.06430000000000001,64.30000000000001,100.0,10000.0,499999.8785934999,2.000000485626118
0.0644,64.4,100.0,10000.0,499999.8822356878,2.00000047105736
0.0645,64.5,100.0,10000.0,499999.8857686105,2.0000004569256626
0.0646,64.60000000000001,100.0,10000.0,499999.8891955459,2.0000004432179144
0.06470000000000001,64.7,100.0,10000.0,499999.8925196736,2.000000429921398
0.0648,64.8,100.0,10000.0,499999.8957440779,2.0000004170237755
0.0649,64.9,100.0,10000.0,499999.8988717504,2.0000004045130804
0.065,65.0,100.0,10000.0,499999.90190559294,2.000000392377705
0.0651,65.10000000000001,100.0,10000.0,499999.9048484205,2.0000003806063904
0.06520000000000001,65.2,100.0,10000.0,499999.9077029636,2.000000369188214
0.0653,65.3,100.0,10000.0,499999.91047187056,2.000000358112582
0.0654,65.4,100.0,10000.0,499999.91315771063,2.000000347369218
0.0655,65.5,100.0,10000.0,499999.9157629757,2.0000003369481543
0.0656,65.60000000000001,100.0,10000.0,499999.918290083,2.0000003268397215
0.06570000000000001,65.7,100.0,10000.0,499999.9207413773,2.0000003170345413
0.0658,65.8,100.0,10000.0,499999.92311913293,2.000000307523516
0.0659,65.9,100.0,10000.0,499999.92542555614,2.0000002982978202
0.066,66.0,100.0,10000.0,499999.9276627868,2.0000002893488946
0.0661,66.10000000000001,100.0,10000.0,499999.9298329007,2.0000002806684365
0.06620000000000001,66.2,100.0,10000.0,499999.93193791126,2.000000272248392
0.0663,66.3,100.0,10000.0,499999.93397977174,2.0000002640809478
0.0664,66.4,100.0,10000.0,499999.93596037646,2.000000256158527
0.0665,66.5,100.0,10000.0,499999.9378815632,2.000000248473778
0.0666,66.60000000000001,100.0,10000.0,499999.9397451145,2.000000241019571
0.06670000000000001,66.7,100.0,10000.0,499999.94155275926,2.0000002337889904
0.0668,66.8,100.0,10000.0,499999.9433061748,2.000000226775326
0.0669,66.9,100.0,10000.0,499999.94500698807,2.000000219972072
0.067,67.0,100.0,10000.0,499999.946656777,2.000000213372915
0.0671,67.10000000000001,100.0,10000.0,499999.9482570723,2.000000206971732
0.06720000000000001,67.2,100.0,10000.0,499999.94980935886,2.000000200762585
0.0673,67.3,100.0,10000.0,499999.9513150769,2.0000001947397115
0.0674,67.4,100.0,10000.0,499999.9527756234,2.0000001888975243
0.0675,67.5,100.0,10000.0,499999.95419235365,2.000000183230602
0.06760000000000001,67.60000000000001,100.0,10000.0,499999.9555665821,2.0000001777336873
0.06770000000000001,67.70000000000002,100.0,10000.0,499999.9568995837,2.00000017240168
0.0678,67.8,100.0,10000.0,499999.9581925953,2.000000167229633
0.0679,67.9,100.0,10000.0,499999.9594468166,2.000000162212747
0.068,68.0,100.0,10000.0,499999.9606634113,2.000000157346367
0.06810000000000001,68.10000000000001,100.0,10000.0,499999.9618435082,2.000000152625979
0.0682,68.2,100.0,10000.0,499999.9629882022,2.000000148047202
0.0683,68.3,100.0,10000.0,499999.9640985555,2.000000143605788
0.0684,68.4,100.0,10000.0,499999.9651755982,2.000000139297617
0.0685,68.5,100.0,10000.0,499999.9662203297,2.0000001351186905
0.06860000000000001,68.60000000000001,100.0,10000.0,499999.96723371925,2.000000131065131
0.0687,68.7,100.0,10000.0,499999.9682167072,2.0000001271331795
0.0688,68.8,100.0,10000.0,499999.96917020547,2.000000123319186
0.0689,68.9,100.0,10000.0,499999.97009509883,2.000000119619612
0.069,69.0,100.0,10000.0,499999.9709922454,2.0000001160310252
0.06910000000000001,69.10000000000001,100.0,10000.0,499999.97186247766,2.000000112550096
0.0692,69.2,100.0,10000.0,499999.972706603,2.000000109173594
0.0693,69.3,100.0,10000.0,499999.9735254045,2.0000001058983874
0.0694,69.4,100.0,10000.0,499999.97431964206,2.000000102721437
0.0695,69.5,100.0,10000.0,499999.97509005247,2.000000099639795
0.06960000000000001,69.60000000000001,100.0,10000.0,499999.9758373506,2.0000000966506026
0.0697,69.7,100.0,10000.0,499999.9765622298,2.000000093751085
0.0698,69.8,100.0,10000.0,499999.9772653626,2.0000000909385536
0.0699,69.9,100.0,10000.0,499999.9779474015,2.0000000882103977
0.07,70.0,100.0,10000.0,499999.97860897926,2.000000085564087
0.07010000000000001,70.10000000000001,100.0,10000.0,499999.9792507096,2.000000082997165
0.0702,70.2,100.0,10000.0,499999.97987318813,2.0000000805072506
0.0703,70.3,100.0,10000.0,499999.9804769923,2.0000000780920337
0.0704,70.4,100.0,10000.0,499999.98106268235,2.0000000757492735
0.07050000000000001,70.5,100.0,10000.0,499999.9816308017,2.0000000734767958
0.07060000000000001,70.60000000000001,100.0,10000.0,499999.9821818775,2.0000000712724924
0.0707,70.7,100.0,10000.0,499999.982716421,2.0000000691343183
0.0708,70.8,100.0,10000.0,499999.9832349283,2.000000067060289
0.0709,70.9,100.0,10000.0,499999.98373788025,2.0000000650484813
0.07100000000000001,71.00000000000001,100.0,10000.0,499999.98422574374,2.000000063097027
0.0711,71.1,100.0,10000.0,499999.98469897127,2.000000061204117
0.0712,71.2,100.0,10000.0,499999.98515800206,2.0000000593679936
0.0713,71.3,100.0,10000.0,499999.9856032619,2.000000057586954
0.0714,71.4,100.0,10000.0,499999.9860351639,2.000000055859346
0.07150000000000001,71.50000000000001,100.0,10000.0,499999.98645410896,2.0000000541835656
0.0716,71.6,100.0,10000.0,499999.9868604856,2.0000000525580592
0.0717,71.7,100.0,10000.0,499999.9872546709,2.000000050981318
0.0718,71.8,100.0,10000.0,499999.98763703066,2.0000000494518786
0.0719,71.9,100.0,10000.0,499999.98800791975,2.000000047968322
0.07200000000000001,72.00000000000001,100.0,10000.0,499999.98836768203,2.000000046529273
0.0721,72.1,100.0,10000.0,499999.9887166515,2.000000045133395
0.0722,72.2,100.0,10000.0,499999.98905515193,2.0000000437793934
0.0723,72.3,100.0,10000.0,499999.9893834973,2.000000042466012
0.0724,72.4,100.0,10000.0,499999.98970199237,2.000000041192031
0.07250000000000001,72.50000000000001,100.0,10000.0,499999.9900109325,2.0000000399562707
0.0726,72.6,100.0,10000.0,499999.99031060445,2.000000038757583
0.0727,72.7,100.0,10000.0,499999.9906012863,2.0000000375948557
0.0728,72.8,100.0,10000.0,499999.99088324764,2.00000003646701
0.0729,72.9,100.0,10000.0,499999.9911567502,2.000000035373
0.07300000000000001,73.00000000000001,100.0,10000.0,499999.9914220477,2.0000000343118094
0.0731,73.1,100.0,10000.0,499999.9916793862,2.000000033282456
0.0732,73.2,100.0,10000.0,499999.99192900455,2.000000032283982
0.0733,73.3,100.0,10000.0,499999.9921711344,2.0000000313154627
0.0734,73.4,100.0,10000.0,499999.9924060003,2.000000030375999
0.07350000000000001,73.50000000000001,100.0,10000.0,499999.99263382034,2.000000029464719
0.0736,73.6,100.0,10000.0,499999.99285480566,2.0000000285807777
0.0737,73.7,100.0,10000.0,499999.9930691615,2.0000000277233543
0.0738,73.80000000000001,100.0,10000.0,499999.9932770866,2.000000026891654
0.07390000000000001,73.9,100.0,10000.0,499999.993478774,2.0000000260849045
0.07400000000000001,74.00000000000001,100.0,10000.0,499999.99367441074,2.000000025302357
0.0741,74.1,100.0,10000.0,499999.9938641784,2.0000000245432865
0.0742,74.2,100.0,10000.0,499999.99404825305,2.000000023806988
0.0743,74.30000000000001,100.0,10000.0,499999.99422680546,2.000000023092779
0.07440000000000001,74.4,100.0,10000.0,499999.99440000125,2.0000000223999956
0.0745,74.5,100.0,10000.0,499999.9945680012,2.0000000217279954
0.0746,74.6,100.0,10000.0,499999.99473096116,2.000000021076156
0.0747,74.7,100.0,10000.0,499999.9948890323,2.000000020443871
0.0748,74.80000000000001,100.0,10000.0,499999.9950423613,2.000000019830555
0.07490000000000001,74.9,100.0,10000.0,499999.9951910905,2.0000000192356384
0.075,75.0,100.0,10000.0,499999.99533535773,2.0000000186585694
0.0751,75.1,100.0,10000.0,499999.99547529704,2.0000000180988122
0.0752,75.2,100.0,10000.0,499999.99561103806,2.000000017555848
0.0753,75.30000000000001,100.0,10000.0,499999.99574270693,2.0000000170291727
0.07540000000000001,75.4,100.0,10000.0,499999.9958704257,2.0000000165182974
0.0755,75.5,100.0,10000.0,499999.9959943129,2.0000000160227485
0.0756,75.6,100.0,10000.0,499999.9961144835,2.000000015542066
0.0757,75.7,100.0,10000.0,499999.996231049,2.000000015075804
0.0758,75.80000000000001,100.0,10000.0,499999.9963441175,2.00000001462353
0.07590000000000001,75.9,100.0,10000.0,499999.996453794,2.000000014184824
0.076,76.0,100.0,10000.0,499999.99656018015,2.0000000137592795
0.0761,76.1,100.0,10000.0,499999.9966633748,2.000000013346501
0.0762,76.2,100.0,10000.0,499999.99676347355,2.0000000129461055
0.0763,76.30000000000001,100.0,10000.0,499999.9968605693,2.000000012557723
0.07640000000000001,76.4,100.0,10000.0,499999.9969547522,2.0000000121809913
0.0765,76.5,100.0,10000.0,499999.9970461097,2.0000000118155614
0.0766,76.6,100.0,10000.0,499999.9971347264,2.0000000114610947
0.0767,76.7,100.0,10000.0,499999.9972206846,2.0000000111172618
0.07680000000000001,76.80000000000001,100.0,10000.0,499999.99730406405,2.000000010783744
0.07690000000000001,76.9,100.0,10000.0,499999.9973849421,2.000000010460232
0.077,77.0,100.0,10000.0,499999.99746339384,2.0000000101464246
0.0771,77.10000000000001,100.0,10000.0,499999.99753949203,2.000000009842032
0.0772,77.2,100.0,10000.0,499999.99761330726,2.000000009546771
0.07730000000000001,77.30000000000001,100.0,10000.0,499999.99768490804,2.000000009260368
0.07740000000000001,77.4,100.0,10000.0,499999.99775436084,2.000000008982557
0.0775,77.5,100.0,10000.0,499999.99782173,2.00000000871308
0.0776,77.60000000000001,100.0,10000.0,499999.99788707803,2.000000008451688
0.0777,77.7,100.0,10000.0,499999.99795046577,2.000000008198137
0.07780000000000001,77.80000000000001,100.0,10000.0,499999.9980119517,2.0000000079521936
0.0779,77.89999999999999,100.0,10000.0,499999.9980715932,2.0000000077136275
0.078,78.0,100.0,10000.0,499999.99812944536,2.0000000074822184
0.0781,78.10000000000001,100.0,10000.0,499999.9981855621,2.0000000072577517
0.0782,78.2,100.0,10000.0,499999.99823999516,2.0000000070400192
0.07830000000000001,78.30000000000001,100.0,10000.0,499999.99829279527,2.000000006828819
0.0784,78.39999999999999,100.0,10000.0,499999.99834401143,2.0000000066239543
0.0785,78.5,100.0,10000.0,499999.9983936911,2.0000000064252355
0.0786,78.60000000000001,100.0,10000.0,499999.9984418804,2.0000000062324785
0.0787,78.7,100.0,10000.0,499999.99848862394,2.0000000060455045
0.07880000000000001,78.80000000000001,100.0,10000.0,499999.99853396526,2.000000005864139
0.0789,78.89999999999999,100.0,10000.0,499999.9985779463,2.000000005688215
0.079,79.0,100.0,10000.0,499999.9986206079,2.000000005517568
0.0791,79.10000000000001,100.0,10000.0,499999.99866198964,2.0000000053520415
0.0792,79.2,100.0,10000.0,499999.99870212993,2.00000000519148
0.07930000000000001,79.30000000000001,100.0,10000.0,499999.9987410661,2.000000005035736
0.0794,79.39999999999999,100.0,10000.0,499999.9987788341,2.000000004884664
0.0795,79.5,100.0,10000.0,499999.9988154691,2.0000000047381237
0.0796,79.60000000000001,100.0,10000.0,499999.998851005,2.00000000459598
0.07970000000000001,79.7,100.0,10000.0,499999.9988854748,2.0000000044581006
0.07980000000000001,79.80000000000001,100.0,10000.0,499999.99891891057,2.0000000043243578
0.0799,79.9,100.0,10000.0,499999.9989513433,2.000000004194627
0.08,80.0,100.0,10000.0,499999.998982803,2.000000004068788
0.0801,80.10000000000001,100.0,10000.0,499999.9990133189,2.0000000039467247
0.08020000000000001,80.2,100.0,10000.0,499999.9990429193,2.000000003828323
0.08030000000000001,80.30000000000001,100.0,10000.0,499999.99907163176,2.0000000037134726
0.0804,80.4,100.0,10000.0,499999.9990994828,2.000000003602069
0.0805,80.5,100.0,10000.0,499999.99912649835,2.0000000034940064
0.0806,80.60000000000001,100.0,10000.0,499999.9991527033,2.0000000033891867
0.08070000000000001,80.7,100.0,10000.0,499999.99917812226,2.000000003287511
0.08080000000000001,80.80000000000001,100.0,10000.0,499999.9992027786,2.0000000031888856
0.0809,80.9,100.0,10000.0,499999.9992266953,2.000000003093219
0.081,81.0,100.0,10000.0,499999.99924989435,2.0000000030004226
0.0811,81.10000000000001,100.0,10000.0,499999.99927239754,2.0000000029104097
0.08120000000000001,81.2,100.0,10000.0,499999.99929422565,2.0000000028230973
0.0813,81.3,100.0,10000.0,499999.99931539886,2.0000000027384046
0.0814,81.4,100.0,10000.0,499999.99933593685,2.0000000026562526
0.0815,81.5,100.0,10000.0,499999.9993558588,2.0000000025765647
0.0816,81.60000000000001,100.0,10000.0,499999.99937518296,2.000000002499268
0.08170000000000001,81.7,100.0,10000.0,499999.9993939275,2.00000000242429
0.0818,81.8,100.0,10000.0,499999.99941210967,2.000000002351561
0.0819,81.9,100.0,10000.0,499999.9994297464,2.0000000022810145
0.082,82.0,100.0,10000.0,499999.999446854,2.0000000022125843
0.0821,82.10000000000001,100.0,10000.0,499999.9994634484,2.0000000021462063
0.08220000000000001,82.2,100.0,10000.0,499999.999479545,2.00000000208182
0.0823,82.3,100.0,10000.0,499999.99949515855,2.000000002019366
0.0824,82.4,100.0,10000.0,499999.99951030384,2.0000000019587847
0.0825,82.5,100.0,10000.0,499999.9995249947,2.000000001900021
0.0826,82.60000000000001,100.0,10000.0,499999.99953924486,2.0000000018430204
0.08270000000000001,82.7,100.0,10000.0,499999.99955306755,2.00000000178773
0.0828,82.8,100.0,10000.0,499999.9995664755,2.0000000017340978
0.0829,82.9,100.0,10000.0,499999.9995794812,2.0000000016820754
0.083,83.0,100.0,10000.0,499999.9995920968,2.0000000016316126
0.08310000000000001,83.10000000000001,100.0,10000.0,499999.9996043339,2.0000000015826647
0.08320000000000001,83.20000000000002,100.0,10000.0,499999.9996162039,2.0000000015351844
0.0833,83.3,100.0,10000.0,499999.99962771777,2.000000001489129
0.0834,83.4,100.0,10000.0,499999.9996388862,2.0000000014444552
0.0835,83.5,100.0,10000.0,499999.9996497197,2.000000001401121
0.08360000000000001,83.60000000000001,100.0,10000.0,499999.99966022803,2.000000001359088
0.08370000000000001,83.70000000000002,100.0,10000.0,499999.99967042124,2.0000000013183152
0.0838,83.8,100.0,10000.0,499999.99968030857,2.0000000012787655
0.0839,83.9,100.0,10000.0,499999.9996898993,2.0000000012404024
0.084,84.0,100.0,10000.0,499999.99969920237,2.000000001203191
0.08410000000000001,84.10000000000001,100.0,10000.0,499999.99970822624,2.000000001167095
0.08420000000000001,84.20000000000002,100.0,10000.0,499999.9997169795,2.000000001132082
0.0843,84.3,100.0,10000.0,499999.9997254701,2.00000000109812
0.0844,84.4,100.0,10000.0,499999.999733706,2.000000001065176
0.0845,84.5,100.0,10000.0,499999.99974169483,2.000000001033221
0.08460000000000001,84.60000000000001,100.0,10000.0,499999.99974944396,2.000000001002224
0.0847,84.7,100.0,10000.0,499999.9997569606,2.0000000009721575
0.0848,84.8,100.0,10000.0,499999.9997642518,2.000000000942993
0.0849,84.9,100.0,10000.0,499999.9997713243,2.0000000009147025
0.085,85.0,100.0,10000.0,499999.9997781846,2.000000000887262
0.08510000000000001,85.10000000000001,100.0,10000.0,499999.999784839,2.000000000860644
0.0852,85.2,100.0,10000.0,499999.9997912938,2.0000000008348247
0.0853,85.3,100.0,10000.0,499999.99979755504,2.00000000080978
0.0854,85.4,100.0,10000.0,499999.9998036284,2.0000000007854863
0.0855,85.5,100.0,10000.0,499999.9998095195,2.000000000761922
0.08560000000000001,85.60000000000001,100.0,10000.0,499999.999815234,2.000000000739064
0.0857,85.7,100.0,10000.0,499999.9998207769,2.0000000007168923
0.0858,85.8,100.0,10000.0,499999.99982615357,2.0000000006953855
0.0859,85.9,100.0,10000.0,499999.99983136903,2.000000000674524
0.08600000000000001,86.0,100.0,10000.0,499999.9998364279,2.000000000654288
0.08610000000000001,86.10000000000001,100.0,10000.0,499999.99984133505,2.00000000063466
0.0862,86.2,100.0,10000.0,499999.99984609504,2.0000000006156196
0.0863,86.3,100.0,10000.0,499999.9998507122,2.000000000597151
0.0864,86.4,100.0,10000.0,499999.99985519086,2.0000000005792367
0.08650000000000001,86.50000000000001,100.0,10000.0,499999.99985953514,2.0000000005618594
0.08660000000000001,86.60000000000001,100.0,10000.0,499999.999863749,2.0000000005450036
0.0867,86.7,100.0,10000.0,499999.99986783654,2.000000000528654
0.0868,86.8,100.0,10000.0,499999.9998718015,2.0000000005127943
0.0869,86.9,100.0,10000.0,499999.9998756474,2.00000000049741
0.08700000000000001,87.00000000000001,100.0,10000.0,499999.99987937807,2.000000000482488
0.08710000000000001,87.10000000000001,100.0,10000.0,499999.99988299666,2.000000000468013
0.0872,87.2,100.0,10000.0,499999.99988650676,2.0000000004539733
0.0873,87.3,100.0,10000.0,499999.9998899115,2.000000000440354
0.0874,87.4,100.0,10000.0,499999.99989321426,2.0000000004271428
0.08750000000000001,87.50000000000001,100.0,10000.0,499999.99989641784,2.0000000004143286
0.0876,87.6,100.0,10000.0,499999.99989952525,2.000000000401899
0.0877,87.7,100.0,10000.0,499999.99990253954,2.000000000389842
0.0878,87.8,100.0,10000.0,499999.9999054633,2.000000000378147
0.0879,87.9,100.0,10000.0,499999.9999082994,2.0000000003668026
0.08800000000000001,88.00000000000001,100.0,10000.0,499999.9999110505,2.000000000355798
0.0881,88.1,100.0,10000.0,499999.99991371896,2.0000000003451244
0.0882,88.2,100.0,10000.0,499999.9999163074,2.0000000003347704
0.0883,88.3,100.0,10000.0,499999.9999188181,2.0000000003247274
0.0884,88.4,100.0,10000.0,499999.9999212536,2.000000000314986
0.08850000000000001,88.50000000000001,100.0,10000.0,499999.999923616,2.000000000305536
0.0886,88.6,100.0,10000.0,499999.9999259075,2.00000000029637
0.0887,88.7,100.0,10000.0,499999.99992813024,2.000000000287479
0.0888,88.8,100.0,10000.0,499999.99993028643,2.0000000002788543
0.0889,88.9,100.0,10000.0,499999.9999323778,2.000000000270489
0.08900000000000001,89.00000000000001,100.0,10000.0,499999.9999344064,2.000000000262374
0.0891,89.1,100.0,10000.0,499999.99993637425,2.0000000002545026
0.0892,89.2,100.0,10000.0,499999.999938283,2.0000000002468683
0.0893,89.30000000000001,100.0,10000.0,499999.9999401345,2.0000000002394622
0.08940000000000001,89.4,100.0,10000.0,499999.9999419305,2.0000000002322778
0.08950000000000001,89.50000000000001,100.0,10000.0,499999.99994367256,2.00000000022531
0.0896,89.6,100.0,10000.0,499999.99994536245,2.00000000021855
0.0897,89.7,100.0,10000.0,499999.9999470016,2.0000000002119935
0.0898,89.80000000000001,100.0,10000.0,499999.9999485915,2.000000000205634
0.08990000000000001,89.9,100.0,10000.0,499999.99995013373,2.0000000001994653
0.09000000000000001,90.00000000000001,100.0,10000.0,499999.9999516297,2.0000000001934812
0.0901,90.1,100.0,10000.0,499999.9999530808,2.000000000187677
0.0902,90.2,100.0,10000.0,499999.99995448836,2.0000000001820464
0.0903,90.30000000000001,100.0,10000.0,499999.9999558538,2.0000000001765845
0.09040000000000001,90.4,100.0,10000.0,499999.99995717814,2.0000000001712874
0.09050000000000001,90.50000000000001,100.0,10000.0,499999.99995846284,2.000000000166149
0.0906,90.6,100.0,10000.0,499999.9999597089,2.0000000001611644
0.0907,90.7,100.0,10000.0,499999.99996091763,2.0000000001563296
0.0908,90.80000000000001,100.0,10000.0,499999.9999620901,2.0000000001516396
0.09090000000000001,90.9,100.0,10000.0,499999.9999632274,2.0000000001470903
0.091,91.0,100.0,10000.0,499999.99996433064,2.0000000001426774
0.0911,91.1,100.0,10000.0,499999.99996540067,2.0000000001383973
0.0912,91.2,100.0,10000.0,499999.9999664387,2.0000000001342455
0.0913,91.30000000000001,100.0,10000.0,499999.9999674455,2.000000000130218
0.09140000000000001,91.4,100.0,10000.0,499999.99996842217,2.000000000126311
0.0915,91.5,100.0,10000.0,499999.99996936944,2.0000000001225224
0.0916,91.6,100.0,10000.0,499999.99997028837,2.0000000001188467
0.0917,91.7,100.0,10000.0,499999.9999711797,2.000000000115281
0.0918,91.80000000000001,100.0,10000.0,499999.9999720443,2.0000000001118226
0.09190000000000001,91.9,100.0,10000.0,499999.999972883,2.000000000108468
0.092,92.0,100.0,10000.0,499999.9999736965,2.000000000105214
0.0921,92.1,100.0,10000.0,499999.99997448566,2.000000000102057
0.0922,92.2,100.0,10000.0,499999.9999752511,2.0000000000989955
0.09230000000000001,92.30000000000001,100.0,10000.0,499999.99997599353,2.000000000096026
0.09240000000000001,92.4,100.0,10000.0,499999.99997671373,2.000000000093145
0.0925,92.5,100.0,10000.0,499999.99997741234,2.000000000090351
0.0926,92.60000000000001,100.0,10000.0,499999.9999780899,2.00000000008764
0.0927,92.7,100.0,10000.0,499999.9999787473,2.000000000085011
0.09280000000000001,92.80000000000001,100.0,10000.0,499999.9999793848,2.0000000000824607
0.09290000000000001,92.9,100.0,10000.0,499999.9999800033,2.000000000079987
0.093,93.0,100.0,10000.0,499999.99998060317,2.0000000000775873
0.0931,93.10000000000001,100.0,10000.0,499999.99998118513,2.00000000007526
0.0932,93.2,100.0,10000.0,499999.99998174957,2.000000000073002
0.09330000000000001,93.30000000000001,100.0,10000.0,499999.9999822971,2.000000000070812
0.09340000000000001,93.4,100.0,10000.0,499999.9999828281,2.0000000000686877
0.0935,93.5,100.0,10000.0,499999.99998334324,2.000000000066627
0.0936,93.60000000000001,100.0,10000.0,499999.999983843,2.0000000000646283
0.0937,93.7,100.0,10000.0,499999.99998432776,2.000000000062689
0.09380000000000001,93.80000000000001,100.0,10000.0,499999.99998479785,2.0000000000608082
0.09390000000000001,93.9,100.0,10000.0,499999.99998525396,2.0000000000589844
0.094,94.0,100.0,10000.0,499999.9999856963,2.0000000000572147
0.0941,94.10000000000001,100.0,10000.0,499999.99998612545,2.0000000000554983
0.0942,94.2,100.0,10000.0,499999.9999865417,2.000000000053833
0.09430000000000001,94.30000000000001,100.0,10000.0,499999.9999869454,2.0000000000522182
0.0944,94.39999999999999,100.0,10000.0,499999.9999873371,2.0000000000506515
0.0945,94.5,100.0,10000.0,499999.99998771696,2.0000000000491323
0.0946,94.60000000000001,100.0,10000.0,499999.9999880854,2.0000000000476583
0.0947,94.7,100.0,10000.0,499999.9999884429,2.0000000000462284
0.09480000000000001,94.80000000000001,100.0,10000.0,499999.9999887896,2.0000000000448415
0.0949,94.89999999999999,100.0,10000.0,499999.9999891259,2.0000000000434963
0.095,95.0,100.0,10000.0,499999.9999894521,2.000000000042192
0.0951,95.10000000000001,100.0,10000.0,499999.99998976855,2.000000000040926
0.0952,95.2,100.0,10000.0,499999.9999900755,2.000000000039698
0.09530000000000001,95.30000000000001,100.0,10000.0,499999.9999903732,2.0000000000385074
0.0954,95.4,100.0,10000.0,499999.99999066204,2.000000000037352
0.0955,95.5,100.0,10000.0,499999.9999909422,2.0000000000362315
0.0956,95.60000000000001,100.0,10000.0,499999.9999912139,2.0000000000351448
0.09570000000000001,95.7,100.0,10000.0,499999.99999147747,2.00000000003409
0.09580000000000001,95.80000000000001,100.0,10000.0,499999.9999917331,2.0000000000330678
0.0959,95.9,100.0,10000.0,499999.9999919812,2.0000000000320752
0.096,96.0,100.0,10000.0,499999.9999922217,2.0000000000311133
0.0961,96.10000000000001,100.0,10000.0,499999.9999924551,2.00000000003018
0.09620000000000001,96.2,100.0,10000.0,499999.99999268143,2.0000000000292744
0.09630000000000001,96.30000000000001,100.0,10000.0,499999.999992901,2.000000000028396
0.0964,96.4,100.0,10000.0,499999.999993114,2.000000000027544
0.0965,96.5,100.0,10000.0,499999.99999332055,2.0000000000267177
0.0966,96.60000000000001,100.0,10000.0,499999.9999935209,2.0000000000259166
0.09670000000000001,96.7,100.0,10000.0,499999.9999937153,2.0000000000251386
0.09680000000000001,96.80000000000001,100.0,10000.0,499999.9999939038,2.000000000024385
0.0969,96.9,100.0,10000.0,499999.99999408674,2.000000000023653
0.097,97.0,100.0,10000.0,499999.99999426416,2.0000000000229434
0.0971,97.10000000000001,100.0,10000.0,499999.99999443616,2.000000000022255
0.09720000000000001,97.2,100.0,10000.0,499999.99999460316,2.000000000021587
0.09730000000000001,97.30000000000001,100.0,10000.0,499999.99999476504,2.0000000000209397
0.0974,97.4,100.0,10000.0,499999.9999949221,2.0000000000203118
0.0975,97.5,100.0,10000.0,499999.9999950744,2.0000000000197025
0.0976,97.60000000000001,100.0,10000.0,499999.99999522214,2.0000000000191114
0.09770000000000001,97.7,100.0,10000.0,499999.9999953655,2.000000000018538
0.0978,97.8,100.0,10000.0,499999.9999955045,2.000000000017982
0.0979,97.9,100.0,10000.0,499999.99999563943,2.0000000000174425
0.098,98.0,100.0,10000.0,499999.9999957703,2.000000000016919
0.0981,98.10000000000001,100.0,10000.0,499999.9999958971,2.0000000000164118
0.09820000000000001,98.2,100.0,10000.0,499999.9999960202,2.0000000000159193
0.0983,98.3,100.0,10000.0,499999.99999613955,2.000000000015442
0.0984,98.4,100.0,10000.0,499999.99999625544,2.0000000000149782
0.0985,98.5,100.0,10000.0,499999.9999963677,2.0000000000145293
0.09860000000000001,98.60000000000001,100.0,10000.0,499999.9999964767,2.000000000014093
0.09870000000000001,98.70000000000002,100.0,10000.0,499999.99999658245,2.00000000001367
0.0988,98.8,100.0,10000.0,499999.9999966849,2.00000000001326
0.0989,98.9,100.0,10000.0,499999.9999967844,2.0000000000128626
0.099,99.0,100.0,10000.0,499999.9999968809,2.0000000000124762
0.09910000000000001,99.10000000000001,100.0,10000.0,499999.99999697437,2.0000000000121028
0.09920000000000001,99.20000000000002,100.0,10000.0,499999.9999970652,2.000000000011739
0.0993,99.3,100.0,10000.0,499999.99999715324,2.000000000011387
0.0994,99.4,100.0,10000.0,499999.9999972386,2.000000000011046
0.0995,99.5,100.0,10000.0,499999.9999973215,2.000000000010714
0.09960000000000001,99.60000000000001,100.0,10000.0,499999.99999740184,2.0000000000103926
0.09970000000000001,99.70000000000002,100.0,10000.0,499999.99999747984,2.0000000000100804
0.0998,99.8,100.0,10000.0,499999.9999975554,2.0000000000097784
0.0999,99.9,100.0,10000.0,499999.99999762874,2.000000000009485
