0.0029442505022172077, 0.02727564102564095
0.002752019031745545, 0.016394230769230855
0.002063189595888762, 0.006549145299145298
0.00447553024990599, 0.04161146723646714
0.004788933266935649, 0.033493589743589736
0.006655268477503917, 0.058809523809523645
0.006490674681816175, 0.049556623931623855
0.008517730892879535, 0.0625106837606837
0.009163431473181771, 0.05422008547008539
0.009144947677944118, 0.046447649572649574
0.010457297139817953, 0.03867521367521376
0.011031527045201259, 0.02831196581196571
0.012237902747712484, 0.017948717948717885
0.01204936803628838, 0.008621794871794819
0.013828389318876824, -0.002777777777777768
0.014220597850205477, -0.011068376068376073
0.014972682940875573, -0.021258903133902995
0.01698454136474352, -0.014695512820512846
0.017098788822926744, -0.026613247863247924
0.01965373831406332, -0.011528964862298263
0.019126813232788267, -0.023245192307692397
0.020567111632807236, -0.0005324074074073426
0.021849652307440667, 0.012471001221001199
0.02388850294022711, 0.030384615384615454
0.023057084226822636, 0.020539529914529897
0.025235296807829502, 0.050420227920227934
0.02477361267789331, 0.0428205128205128
0.026700034892662747, 0.060092592592592586
0.02800622308945734, 0.04972934472934476
0.028805544545734793, 0.05940170940170941
0.030103517722423798, 0.04558404558404572
0.029915804513010222, 0.03660256410256402
0.031059951438221337, 0.028052884615384688
0.03190293572636023, 0.018777777777777782
0.03307505479503099, 0.008000000000000007
0.03464642384083526, -0.002777777777777768
0.034459121382426974, -0.011586538461538565
0.03611949430320417, -0.022912087912087875
0.03702385065940357, -0.029031339031339032
0.03899923439400253, -0.019151709401709294
0.03981892910014194, -0.010239316239316398
0.038582239973440915, -0.026613247863247924
0.04104132409185916, 0.00012393162393165014
0.041667185398606324, 0.011471688034188077
0.04303354861767465, 0.026412037037037095
0.042680713504138004, 0.017948717948717885
0.04453895105203072, 0.03985958485958485
0.04583150231544998, 0.05574002849002846
0.04471393098028058, 0.033493589743589736
0.046615543834331016, 0.0496602564102564
0.04777854423068455, 0.06302884615384619
0.049088429186526686, 0.05422008547008539
0.04913426899871608, 0.045514957264957134
0.050572061817602834, 0.034529914529914496
0.05201626235217198, 0.02623931623931619
0.05212864382721695, 0.017534188034187936
0.05247404434755802, 0.008880876068376065
0.0539533640930787, 0.0013675213675212738
0.054263891853071414, -0.007959401709401792
0.055456712772408365, -0.01935897435897438
0.05643471091598319, -0.02782229344729359
0.0584560166129726, -0.017286324786324858
0.058678315057030875, -0.02640598290598284
0.060405440884037806, -0.0036660561660561974
0.05989775264151008, -0.017286324786324858
0.06244675602285589, 0.015283882783882596
0.061616745598612424, 0.006030982905982807
0.06379002916755593, 0.03383903133903132
0.06332834503761971, 0.02623931623931619
0.06510229647922873, 0.04468589743589746
0.06592100538295544, 0.05318376068376063
0.06713748556019662, 0.061059829059828985
0.06837750177004041, 0.05085202991452986
0.0690607860673259, 0.05836538461538465
0.0702007961431267, 0.03808302808302799
0.07004165946793771, 0.05111111111111111
0.07164276688652431, 0.024857549857549843
0.07162017558123383, 0.015357905982905873
0.07292800678204957, 0.005685541310541442
0.07456772479513264, -0.00433226495726502
0.07454841949788442, -0.01245014245014242
0.0761973794085863, -0.018581730769230864
0.076844517617407, -0.026267806267806337
0.07930532689004748, -0.017459045584045763
0.0802254091418776, -0.003641381766381624
0.08158787022639578, 0.00965811965811958
0.08309473962862786, 0.023722527472527455
0.08190332699845183, 0.0024038461538462563
0.0845584214965903, 0.04627492877492867
0.08431114939141097, 0.035566239316239256
0.08650350354274254, 0.05806929181929177
0.08869797012781556, 0.061474358974358934
0.08901096239383992, 0.05318376068376063
0.08965584147213158, 0.04454772079772096
0.0909603866649051, 0.033493589743589736
0.09061124831041596, 0.026584757834757777
0.09218721776747933, 0.01774145299145302
0.09289564002628804, 0.007844551282051304
0.09408948782313821, -0.0031232193732193547
0.0948444481708453, -0.012104700854700834
0.09562992145037329, -0.02157967032967023
0.0976113842998504, -0.027797619047619015
0.0983608053768577, -0.01645726495726496
0.10108622044710032, 0.001022079772079909
0.1002868989908229, -0.008650284900284966
0.09982767936691835, -0.015213675213675115
0.10224043077194088, 0.020021367521367406
0.10232997449109223, 0.011039886039885927
0.10427775575813623, 0.03729344729344741
0.10392204538756263, 0.027621082621082538
0.10578157386718622, 0.05007478632478635
0.1083010618548668, 0.5165936609686609
0.10721873295595054, 0.061474358974358934
0.10891973501902157, 0.5062649572649572
0.1086974365749633, 0.4967307692307692
0.1086777205267098, 0.4884401709401709
0.10865800447845629, 0.4801495726495726
0.1086382884302028, 0.4718589743589743
0.10861857238194929, 0.463568376068376
0.1085988563336958, 0.4552777777777778
0.10857914028544229, 0.4469871794871795
0.10855942423718877, 0.43869658119658117
0.10853970818893528, 0.43040598290598286
0.10851999214068177, 0.42211538461538456
0.10850027609242828, 0.41382478632478625
0.10848056004417476, 0.40553418803418795
0.10846084399592125, 0.39724358974358975
0.10844112794766776, 0.38895299145299145
0.10842141189941425, 0.38066239316239314
0.10840169585116076, 0.37237179487179484
0.10838197980290724, 0.36408119658119653
0.10836226375465376, 0.3557905982905982
0.10834254770640024, 0.3474999999999999
0.10832283165814673, 0.3392094017094016
0.10830311560989324, 0.3309188034188033
0.10828339956163972, 0.322628205128205
0.10826368351338624, 0.3143376068376067
0.10824396746513272, 0.3060470085470086
0.10822425141687923, 0.2977564102564103
0.10820453536862572, 0.289465811965812
0.1081848193203722, 0.2811752136752137
0.10816510327211872, 0.2728846153846154
0.1081453872238652, 0.2645940170940171
0.10812567117561171, 0.2563034188034188
0.1081059551273582, 0.24801282051282048
0.10808623907910468, 0.23972222222222217
0.1080665230308512, 0.23143162393162386
0.10804680698259768, 0.22314102564102556
0.10802832318736004, 0.21536858974358974
0.10767630957583395, 0.20725071225071234
0.10765659352758043, 0.19896011396011404
0.10763687747932692, 0.19066951566951573
0.10761716143107343, 0.18237891737891743
0.10759744538281991, 0.17408831908831912
0.10757772933456643, 0.16579772079772082
0.10755801328631291, 0.1575071225071225
0.10753829723805942, 0.1492165242165242
0.10751858118980591, 0.1409259259259259
0.1074988651415524, 0.1326353276353276
0.1074791490932989, 0.12434472934472951
0.10745943304504539, 0.1160541310541312
0.1074397169967919, 0.1077635327635329
0.10742000094853839, 0.0994729344729346
0.1074002849002849, 0.09118233618233629
0.10738056885203139, 0.08289173789173798
0.10736085280377787, 0.07460113960113968
0.10668393514707426, 0.06976495726495724
0.11007509544667689, 0.5164209401709401
0.11082759128835228, 0.5064031339031339
0.11069122195459886, 0.49569444444444444
0.11067150590634535, 0.48740384615384613
0.11065178985809186, 0.4791132478632478
0.11063207380983835, 0.4708226495726495
0.11061235776158483, 0.4625320512820512
0.11059264171333134, 0.4542414529914529
0.11057292566507783, 0.4459508547008546
0.11055320961682434, 0.4376602564102564
0.11053349356857083, 0.4293696581196581
0.11051377752031734, 0.4210790598290598
0.11049406147206382, 0.4127884615384615
0.11047434542381031, 0.4044978632478632
0.11045462937555682, 0.3962072649572649
0.1104349133273033, 0.3879166666666666
0.11041519727904982, 0.3796260683760684
0.11106089785935207, 0.3713354700854701
0.11104118181109855, 0.36304487179487177
0.11102146576284506, 0.35475427350427347
0.11100174971459155, 0.34646367521367516
0.11098203366633806, 0.33817307692307685
0.11096231761808455, 0.32988247863247855
0.11094260156983106, 0.32159188034188024
0.11092288552157754, 0.31330128205128194
0.11090316947332403, 0.30501068376068363
0.11088345342507054, 0.29672008547008555
0.11086373737681703, 0.28842948717948724
0.11084402132856354, 0.28013888888888894
0.11082430528031002, 0.27184829059829063
0.11080458923205654, 0.2635576923076923
0.11078487318380302, 0.255267094017094
0.1107651571355495, 0.24697649572649572
0.11074544108729602, 0.2386858974358974
0.1107257250390425, 0.2303952991452991
0.11070600899078901, 0.2221047008547008
0.1107518488029784, 0.21339957264957254
0.11265913002090171, 0.20396901709401716
0.11229972289128055, 0.19274216524216525
0.11228000684302704, 0.18445156695156695
0.11226029079477355, 0.17616096866096864
0.11224057474652004, 0.16787037037037034
0.11222085869826655, 0.15957977207977203
0.11220114265001303, 0.15128917378917395
0.11218142660175952, 0.14299857549857564
0.11216171055350603, 0.13470797720797734
0.11227294192573618, 0.12551923076923077
0.11384381807033413, 0.11453418803418813
0.11375583520500286, 0.10551816239316247
0.11373611915674935, 0.09722756410256417
0.11371640310849583, 0.08893696581196586
0.11369668706024234, 0.08064636752136756
0.11360968999732372, 0.07204487179487185
0.11532120728612998, 0.06423789173789185
0.11513226182370055, 0.05473824786324788
0.11594637031616815, 0.04731125356125343
0.11699247097641864, 0.039504273504273435
0.11867827525229428, 0.03021189458689455
0.12021777002008867, 0.02468482905982916
0.1217543895308461, 0.017948717948717885
0.12406468789940846, 0.02342643467643457
0.12504614808717068, 0.04972934472934476
0.1249114217574384, 0.03971153846153852
0.12500671599066365, 0.03314814814814815
0.12636203000768992, 0.062096153846153745
0.127141799716116, 0.07820360195360188
0.12598101737519096, 0.06976495726495724
0.12858107123862172, 0.09049145299145289
0.12973051685180104, 0.07950641025641025
0.1303555155814371, 0.09049145299145289
0.13130599340765808, 0.07045584045584041
0.13128627735940457, 0.06216524216524233
0.13112937047538709, 0.05214743589743587
0.13283628735293418, 0.04240598290598285
0.13267905186811246, 0.03224999999999989
0.13398819747214513, 0.02313034188034191
0.13484707782418837, 0.020539529914529897
0.13751244109745892, 0.02209401709401715
0.1399670891050201, 0.018985042735042645
0.14102041898296358, 0.014217948717948792
0.14326952718748204, 0.017948717948717885
0.14433877073294432, 0.034529914529914496
0.1431783404643095, 0.02623931623931619
0.14559910151393507, 0.06484241452991446
0.14570516329137018, 0.04948260073260058
0.14587697456900783, 0.04178418803418804
0.1477841501652441, 0.08427350427350433
0.14773192610885838, 0.07563746438746444
0.14965013330352211, 0.08945512820512813
0.15009374438922596, 0.08012820512820507
0.15060389713778538, 0.070801282051282
0.15091319264476216, 0.060956196581196664
0.15222307760060438, 0.05214743589743587
0.15200225786016514, 0.04323504273504275
0.15350954974914544, 0.033493589743589736
0.1531604113946563, 0.026584757834757777
0.15541165550440217, 0.021886752136752063
0.1581354275706237, 0.020021367521367406
0.16026124005909975, 0.014543650793650942
0.16293065216370806, 0.017800671550671554
0.1617705739673635, 0.00965811965811958
0.16487544081628508, 0.05612001424501423
0.16484997425395764, 0.045411324786324814
0.16483025820570413, 0.03712072649572651
0.16481177441046646, 0.029348290598290694
0.16445935004793505, 0.02105769230769239
0.1671505906345383, 0.08012820512820507
0.16690598841089327, 0.07054220085470075
0.16655828768492265, 0.06423789173789185
0.16894598327862298, 0.08893696581196586
0.16979007659447615, 0.08012820512820507
0.16956950330464005, 0.07131944444444449
0.17153556299141914, 0.0586244658119659
0.17125892218936212, 0.08220085470085459
0.1712392061411086, 0.0739102564102565
0.17184301011887215, 0.048002136752136826
0.17314755531164566, 0.036948005698005604
0.17389142538221014, 0.023303062678062814
0.17554962719053085, 0.02105769230769239
0.1783205534721587, 0.020366809116808993
0.18055257443485745, 0.016912393162393125
0.18160442560918189, 0.011523504273504237
0.18419084253923734, 0.03584259259259248
0.18403196405039446, 0.024995726495726345
0.18329885565616838, 0.01518518518518519
0.18619834700244925, 0.06855591168091157
0.18583729686880696, 0.056638176638176496
0.18581758082055344, 0.04834757834757819
0.18580566904140028, 0.04333867521367529
0.1877024585050744, 0.08146062271062271
0.18957533639236968, 0.08954148860398847
0.1900157846953328, 0.07888461538461522
0.1907539864020244, 0.07218304843304835
0.1911696664193691, 0.06043803418803417
0.1919380994000494, 0.04779487179487174
0.19231171851445333, 0.03701709401709419
0.19408517705485595, 0.02727564102564095
0.19406792551263413, 0.020021367521367406
0.1965260238286397, 0.018363247863248056
0.19703765528081818, 0.00965811965811958
0.19701958223658578, 0.0020584045584046695
0.19880083331034581, -0.008403540903540785
0.1984305940899282, -0.020188034188034054
0.19828715983888395, -0.024540598290598403
0.2008635544444105, -0.00443589743589734
0.202109608694032, 0.015876068376068364
0.2022185398606326, 0.005720085470085401
0.2035467677827963, 0.028608058608058595
0.2037189311327242, 0.02105769230769239
0.20524446036633903, 0.046965811965812065
0.20509289324539026, 0.03919337606837603
0.20694849025110618, 0.05999389499389518
0.2086881967946177, 0.05871082621082602
0.21010816301987523, 0.049556623931623855
0.210020180154544, 0.040540598290598195
0.21119427082804015, 0.030591880341880318
0.21170516292840902, 0.021575854700854658
0.21334405943948154, 0.011212606837606831
0.2132565694753566, 0.0024038461538462563
0.21451634280855442, -0.008823005698005648
0.21538754569075613, -0.015559116809116702
0.21663259066647883, -0.024984737484737396
0.2172404434755802, -0.029204059829059936
0.21946416726797224, -0.01749358974358972
0.21995201623694483, -0.008218482905982816
0.2189101463120488, -0.026613247863247924
0.22145105203071908, 0.0025518925518925872
0.22282483810723996, 0.020613553113553174
0.22266235674529367, 0.012248931623931592
0.22404309624954688, 0.03323450854700849
0.22479883702416403, 0.04323504273504275
0.22623395409364488, 0.05510836385836382
0.22751702287671366, 0.04834757834757819
0.22810521831627656, 0.0625106837606837
0.22874968664356293, 0.05370192307692312
0.23012512745984803, 0.044478632478632374
0.23049923947545825, 0.033908119658119684
0.23134727600096205, 0.026757478632478682
0.2327227168172471, 0.017534188034187936
0.23263436427601109, 0.008362713675213573
0.23407918093708813, -0.0036660561660561974
0.23524242778404486, -0.014177350427350355
0.23677781504178647, -0.0214316239316239
0.23740429247504152, -0.02847863247863236
0.23923328455135823, -0.01486823361823375
0.23920905024204664, -0.025058760683760672
0.24073862830699927, -0.0014453601953603457
0.24210361257626412, 0.012915140415140414
0.24091325616295883, -0.007959401709401792
0.2422761279984823, 0.005512820512820538
0.24414175906447005, 0.030532661782661785
0.24330752377274367, 0.019503205128205137
0.2454882008597823, 0.050420227920227934
0.24552188244221534, 0.04126602564102555
0.24695376044662604, 0.06043803418803417
0.24888962993451696, 0.05836538461538465
0.25003192848020434, 0.049038461538461586
0.24981061583855874, 0.039918803418803384
0.25065668075923725, 0.031939102564102484
0.2513054619720791, 0.024943910256410184
0.25254769623735135, 0.01566880341880328
0.25336640514107805, 0.005512820512820538
0.252972084176008, 0.02623931623931619
0.25456292281946263, -0.00433226495726502
0.2552067750202411, -0.01340010683760684
0.25640185507010715, -0.023849715099715008
0.25727675471135636, -0.029031339031339032
0.25940896317977175, -0.018495370370370523
0.260070847349682, -0.010653846153846125
0.2588351440253937, -0.026613247863247924
0.26137957046696636, 0.0040323565323565624
0.26155102967231386, -0.0038141025641025283
0.26328645266962747, 0.026412037037037095
0.2629270455400063, 0.01518518518518519
0.2647922071762737, 0.04000763125763118
0.26496683503223334, 0.033493589743589736
0.26683105780906013, 0.05792124542124544
0.26677824696552394, 0.049038461538461586
0.2686980971642089, 0.06354700854700845
0.26934256549149527, 0.05473824786324788
0.26938766595187524, 0.04572222222222222
0.2708269374743809, 0.03535897435897439
0.27193707421635477, 0.026498397435897436
0.2725821586701491, 0.017948717948717885
0.27239732071777256, 0.01017628205128207
0.27387479208376947, 0.001885683760683765
0.2745161797785162, -0.008218482905982816
0.27586910557184036, -0.018914835164835164
0.27666584516465603, -0.027649572649572685
0.27862688782129913, -0.01847069597069595
0.278127297241447, -0.028685897435897445
0.28119232124285626, 0.001022079772079909
0.2801753017537797, -0.006923076923077032
0.280149424440447, -0.017804487179487127
0.28256998011456985, 0.0207122507122508
0.2826578808297, 0.011039886039885927
0.28407415029591004, 0.033641636141636067
0.2854384304205944, 0.04770604395604394
0.2866520236050557, 0.05836538461538465
0.2880681287708636, 0.06624145299145279
0.28949113455356024, 0.3848076923076923
0.29026597524992287, 0.3748589743589743
0.2900444161576742, 0.36563568376068367
0.29002470010942066, 0.3573450854700855
0.29000498406116715, 0.34905448717948717
0.28998526801291363, 0.34076388888888887
0.2899655519646602, 0.33247329059829056
0.28994583591640666, 0.32418269230769226
0.28992611986815314, 0.31589209401709395
0.2899064038198996, 0.30760149572649564
0.28988668777164617, 0.29931089743589734
0.28986697172339265, 0.29102029914529903
0.28984725567513914, 0.2827297008547007
0.2898275396268856, 0.27443910256410264
0.2898078235786321, 0.26614850427350434
0.28978810753037865, 0.25785790598290603
0.28976839148212513, 0.24956730769230773
0.2897486754338716, 0.24127670940170942
0.2897289593856181, 0.23298611111111112
0.2897092433373646, 0.2246955128205128
0.2896895272891111, 0.2164049145299145
0.2896698112408576, 0.2081143162393162
0.2896500951926041, 0.1998237179487179
0.2896303791443506, 0.1915331196581196
0.2896118953491129, 0.18376068376068377
0.28926111399060267, 0.17616096866096864
0.28924139794234915, 0.16787037037037034
0.28922168189409564, 0.15957977207977203
0.2892019658458421, 0.15128917378917395
0.28918224979758866, 0.14299857549857564
0.28916253374933515, 0.13470797720797734
0.28914281770108163, 0.12641737891737903
0.2891231016528281, 0.11812678062678073
0.28910338560457466, 0.10983618233618242
0.28908366955632114, 0.10154558404558411
0.28906395350806763, 0.09325498575498581
0.2890442374598141, 0.0849643874643875
0.2890245214115606, 0.0766737891737892
0.2913616946316113, 0.4998397435897436
0.29133951407732617, 0.4905128205128204
0.29131979802907265, 0.4822222222222222
0.29130008198081914, 0.4739316239316239
0.2912803659325656, 0.4656410256410256
0.2912606498843121, 0.4573504273504273
0.29124093383605865, 0.449059829059829
0.29122121778780513, 0.4407692307692307
0.2912015017395516, 0.4324786324786324
0.2911817856912981, 0.4241880341880342
0.29116206964304464, 0.4158974358974359
0.2911423535947911, 0.4076068376068376
0.2911226375465376, 0.3993162393162393
0.2911029214982841, 0.39102564102564097
0.2896735079999051, 0.06976495726495724
0.29175355109064977, 0.3848076923076923
0.29173383504239625, 0.376517094017094
0.29171411899414273, 0.3682264957264957
0.2916944029458893, 0.3599358974358974
0.29167468689763576, 0.3516452991452991
0.29165497084938224, 0.3433547008547009
0.29229245640957885, 0.3316096866096865
0.2926075024306296, 0.32418269230769226
0.2925877863823761, 0.31589209401709395
0.2925680703341226, 0.30760149572649564
0.2925483542858691, 0.29931089743589734
0.2925286382376156, 0.29102029914529903
0.2925089221893621, 0.2827297008547007
0.29248920614110857, 0.27443910256410264
0.29246949009285506, 0.26614850427350434
0.2924497740446016, 0.25785790598290603
0.2924300579963481, 0.24956730769230773
0.29241034194809457, 0.24127670940170942
0.29239062589984105, 0.23298611111111112
0.29237090985158753, 0.2246955128205128
0.2923511938033341, 0.2164049145299145
0.29233147775508056, 0.2081143162393162
0.29231176170682704, 0.1998237179487179
0.29229204565857353, 0.1915331196581196
0.2922747941163517, 0.18427884615384604
0.293920673394514, 0.17685185185185182
0.2939009573462605, 0.1685612535612535
0.293881241298007, 0.1602706552706552
0.2938615252497535, 0.1519800569800569
0.2938418092015, 0.1436894586894586
0.2938220931532465, 0.1353988603988603
0.29380237710499296, 0.12710826210826198
0.2937826610567395, 0.11881766381766368
0.2935933048433048, 0.10914529914529902
0.29440618108275657, 0.1012001424501423
0.29544932433576904, 0.09214957264957246
0.29536035566802504, 0.08271901709401708
0.29534063961977153, 0.07442841880341877
0.2953221558245339, 0.06665598290598296
0.2966271117683127, 0.05577457264957264
0.2973307282403596, 0.04385683760683756
0.29879218031715055, 0.033493589743589736
0.3005616956479025, 0.031420940170940215
0.301271966286235, 0.022301282051282012
0.3038015352771595, 0.02271581196581196
0.30519003797541244, 0.046965811965812065
0.30489922626367333, 0.03660256410256402
0.30488567148049905, 0.030902777777777724
0.30664943629717706, 0.07304665242165242
0.3062892076655453, 0.061474358974358934
0.30627442062935517, 0.05525641025641015
0.30824150719364746, 0.08962784900284904
0.3088631377650402, 0.08054273504273501
0.3100229343035526, 0.09256410256410263
0.31077543014522796, 0.08254629629629617
0.3109709476237419, 0.0714921652421654
0.31161155489157866, 0.061059829059828985
0.3125835560704764, 0.05007478632478635
0.312894083830469, 0.04074786324786328
0.3132070760964934, 0.032457264957264975
0.31473548058714523, 0.022266737891738053
0.316974812917738, 0.021886752136752063
0.31963056461748496, 0.019399572649572816
0.3204835301550521, 0.014321581196581112
0.3230833375678797, 0.016290598290598313
0.32452039103495695, 0.032975427350427244
0.3241642699133781, 0.02313034188034191
0.3260331869874081, 0.06285612535612528
0.3258980499066706, 0.05266559829059836
0.325878949984925, 0.04463408119658108
0.3272958355776429, 0.08081908831908846
0.32738620079880476, 0.07218304843304835
0.3261999518955523, 0.03971153846153852
0.3293060509974897, 0.08669159544159544
0.33016452059852774, 0.07460113960113968
0.3307839331144919, 0.06458333333333321
0.33189111244922775, 0.054479166666666634
0.3316144716471708, 0.07805555555555554
0.33248268191490543, 0.04341269841269857
0.3338349915817216, 0.032457264957264975
0.33361565054490144, 0.02416666666666667
0.33530506942962346, 0.02105769230769239
0.3378003817867075, 0.02105769230769239
0.3402381890030522, 0.02019408831908831
0.34177224132002665, 0.012378472222222214
0.34335537838213226, 0.02520299145299143
0.34528919411499664, 0.04558404558404572
0.3449887297546334, 0.0358253205128205
0.3466031044306906, 0.057121794871794807
0.34821045526455746, 0.061474358974358934
0.3491888641591376, 0.05318376068376063
0.3499405384988024, 0.0428205128205128
0.35113520779766316, 0.03219818376068373
0.35171153253317333, 0.02271581196581196
0.35149317729876584, 0.0428205128205128
0.3529722916687839, 0.011903490028490005
0.35384349455098557, 0.005167378917378951
0.3543778816088566, -0.003295940170940259
0.3550241983156668, -0.011327457264957319
0.35647464813338764, -0.020987484737484907
0.35786803290073205, -0.02799501424501427
0.35907054754379364, -0.016664529914530046
0.36114787967790335, -0.0012232905982905162
0.36068249878891967, -0.0103774928774929
0.36251937728453776, 0.015876068376068364
0.3624988397342737, 0.007240028490028472
0.36383246609822106, 0.027068376068376088
0.36452154198468106, 0.03701709401709419
0.3640670870724378, 0.013803418803418843
0.3659580673433229, 0.04948260073260058
0.367393348713206, 0.060092592592592586
0.36867817785772594, 0.05007478632478635
0.3688334417377223, 0.05940170940170941
0.3704698737427631, 0.048002136752136826
0.37078368751079804, 0.040056980056979885
0.37109832278084354, 0.032457264957264975
0.37247499585014443, 0.02375213675213672
0.3723860271824005, 0.014321581196581112
0.3736919415451916, 0.003843186134852905
0.3749291509564993, -0.0075448717948716215
0.37563979127073654, -0.01650908119658112
0.37709446595594026, -0.02439255189255185
0.3794293389703615, -0.01790811965811967
0.3786101371654284, -0.026613247863247924
0.3805423098942718, -0.006923076923077032
0.38168419768895384, 0.006894586894586885
0.38366779644365845, 0.029555555555555557
0.38377820631387805, 0.020021367521367406
0.38269875267199877, 0.013803418803418843
0.38532468384876234, 0.045411324786324814
0.3844214423881487, 0.03867521367521376
0.38714102479411633, 0.06302884615384619
0.38712377325189445, 0.05577457264957264
0.3890111741211622, 0.056638176638176496
0.3900996642851577, 0.048002136752136826
0.39041142429816617, 0.03919337606837603
0.3917200770009925, 0.029866452991452963
0.39153647130163166, 0.022612179487179418
0.3933536337489963, 0.01725783475783471
0.3935953196405038, 0.006963675213675247
0.3950360698666287, -0.002777777777777768
0.3949479637759958, -0.011845619658119588
0.39625558960130897, -0.021604344729344804
0.39823992770782296, -0.026613247863247924
0.39912468537319895, -0.01832264957264962
0.3998073535439765, -0.011068376068376073
0.40111189873675007, 0.0018610093610091916
0.4031516882289771, 0.02016941391941396
0.4026538580105761, 0.01069444444444434
0.4045163204259517, 0.034381868131868165
0.4057338744236782, 0.04670673076923082
0.406614812104705, 0.05339102564102571
0.4079845845571172, 0.06043803418803417
0.409286665243859, 0.04834757834757819
0.409423856079623, 0.05940170940170941
0.4108863643732847, 0.03482600732600716
0.41166984257650124, 0.024512108262108256
0.41264595126545184, 0.015254273504273552
0.41413423125075915, 0.0015155677655678268
0.41542950520655636, -0.013437118437118478
0.4170205198861559, -0.023948412698412636
0.4195521543678499, -0.018668091168091205
0.4185351348787733, -0.026613247863247924
0.42091461545236813, -0.00536858974358978
0.4224308147702915, 0.012619047619047752
0.42193492094948687, 0.003958333333333286
0.42379474282268564, 0.026535409035408852
0.4250112406035413, 0.038416132478632514
0.42553433200876717, 0.048520299145299095
0.42720139430305887, 0.05999389499389518
0.42893945784254944, 0.058019943019943065
0.4302873783414805, 0.046551282051281895
0.43000617820326487, 0.04022970085470079
0.4316435343980675, 0.02921875000000007
0.43301755812338455, 0.019399572649572816
0.4335861812775456, 0.006678685897435921
0.43431454549766074, 0.03314814814814815
0.4353217069626106, 0.17685185185185182
0.43529747265329893, 0.16666132478632467
0.4352777566050455, 0.15837072649572637
0.4352580405567919, 0.15008012820512828
0.43523832450853844, 0.14178952991452998
0.4352186084602849, 0.13349893162393167
0.4351988924120314, 0.12520833333333337
0.43517917636377795, 0.11691773504273506
0.4351594603155244, 0.10862713675213675
0.4351397442672709, 0.10033653846153845
0.43512002821901735, 0.09204594017094014
0.4351003121707639, 0.08375534188034184
0.43508059612251043, 0.07546474358974353
0.43506088007425686, 0.06717414529914523
0.4350411640260034, 0.05888354700854692
0.43502144797774983, 0.050592948717948616
0.4351155099579594, 0.043511396011395975
0.43502972167657067, -0.005886752136752049
0.43541946570186757, 0.02209401709401715
0.43569549037741656, 0.0075854700854700585
0.4377894990023407, 0.37513532763532753
0.4377656754440344, 0.3651175213675213
0.4377459593957809, 0.3568269230769231
0.43772624334752747, 0.3485363247863248
0.4377065272992739, 0.3402457264957264
0.43768681125102044, 0.33195512820512807
0.43766709520276686, 0.32366452991453
0.4376473791545134, 0.3153739316239317
0.43762766310625995, 0.3070833333333334
0.4376079470580064, 0.29879273504273507
0.4375882310097529, 0.29050213675213676
0.43756851496149946, 0.28221153846153846
0.4375487989132459, 0.27392094017094015
0.4375290828649924, 0.26563034188034185
0.43750936681673885, 0.25733974358974354
0.4374896507684854, 0.24904914529914524
0.43746993472023193, 0.24075854700854693
0.43745021867197836, 0.23246794871794862
0.4374305026237249, 0.22417735042735032
0.43741078657547133, 0.215886752136752
0.4373910705272179, 0.20759615384615393
0.4373713544789644, 0.19930555555555562
0.4375502776168649, 0.19060042735042715
0.4363411909577189, 0.1858333333333333
0.43598630208915573, 0.03660256410256402
0.4397865703900186, 0.37548076923076923
0.43976685434176505, 0.3671901709401709
0.4397471382935116, 0.3588995726495726
0.4397274222452581, 0.3506089743589743
0.43970770619700456, 0.3423183760683761
0.4396879901487511, 0.3340277777777778
0.4396682741004975, 0.3257371794871795
0.43964855805224407, 0.3174465811965812
0.4396288420039906, 0.3091559829059829
0.43960912595573703, 0.3008653846153846
0.4395894099074836, 0.2925747863247863
0.43956969385923, 0.284284188034188
0.43954997781097654, 0.2759935897435897
0.4395302617627231, 0.26770299145299137
0.4395105457144695, 0.25941239316239306
0.4394920619192319, 0.25163995726495725
0.4394711136179625, 0.24283119658119645
0.43945180832071434, 0.23471331908831883
0.43943168152145556, 0.22625000000000006
0.4400773821017578, 0.21795940170940176
0.4400576660535043, 0.20966880341880345
0.44003795000525076, 0.20137820512820515
0.43981614446239886, 0.19205128205128208
0.44032629721095834, 0.182724358974359
0.4403041166566731, 0.17339743589743595
0.4402844006084196, 0.16510683760683764
0.44026468456016615, 0.15681623931623934
0.4402449685119126, 0.14852564102564103
0.4402252524636591, 0.14023504273504273
0.4402071794194267, 0.1326353276353276
0.4418481296855256, 0.12313568376068385
0.44182841363727215, 0.11484508547008554
0.4418086975890186, 0.10655448717948723
0.44145914848352424, 0.0994729344729346
0.4414394324352707, 0.09118233618233629
0.44142053788902774, 0.08323717948717957
0.4416615665789267, 0.07266666666666666
0.4429214220623257, 0.061474358974358934
0.44390065245891647, 0.053529202279202215
0.44570426012310665, 0.06579237891737888
0.44661777035885236, 0.07684650997150988
0.44567550755273694, 0.05370192307692312
0.44790254082465725, 0.09078754578754578
0.45009642062258, 0.09394586894586876
0.4503395852177064, 0.08427350427350433
0.4515496576792653, 0.07546474358974353
0.4511910720516546, 0.06458333333333321
0.45233337059734197, 0.05525641025641015
0.4529741421655809, 0.04489316239316232
0.45350976147646777, 0.036948005698005604
0.4542155490609711, 0.02727564102564095
0.45579846607789537, 0.020021367521367406
0.4584617755961394, 0.0207122507122508
0.45991665565684586, 0.02623931623931619
0.46066750849450017, 0.015530626780626777
0.4636213011236791, 0.01711965811965821
0.4644409958298186, 0.026032051282051327
0.4657411049117351, 0.050420227920227934
0.46560596783099745, 0.04022970085470079
0.4652609369865612, 0.03504807692307699
0.4672066644985789, 0.06043803418803417
0.4691425339864697, 0.05836538461538465
0.47008372883997135, 0.048416666666666774
0.47042654162897907, 0.03867521367521376
0.4715700724276824, 0.029866452991452963
0.4721460274872878, 0.02022863247863249
0.47337250651757184, 0.008325702075702157
0.47475150326398824, -0.0033995726495725798
0.4753912890298145, -0.014177350427350355
0.47665475912205996, -0.023849715099715008
0.47752965876330905, -0.029031339031339032
0.4796614564807192, -0.018668091168091205
0.4803242443028411, -0.010446581196581262
0.47908804807734645, -0.026613247863247924
0.48163247451891916, 0.0040323565323565624
0.4818039337242665, -0.0038141025641025283
0.48353894597057484, 0.02623931623931619
0.483514300910258, 0.015876068376068364
0.48504616744509726, 0.04045177045177062
0.4838346866943774, 0.01069444444444434
0.4852197390841861, 0.033493589743589736
0.48716669884921965, 0.05940170940170941
0.4869227127520824, 0.05007478632478635
0.48894853671013, 0.0625106837606837
0.4893921477958338, 0.05318376068376063
0.49016896009702177, 0.04406410256410265
0.49134305077051804, 0.03411538461538455
0.4921188772692933, 0.024581196581196618
0.49282027568591175, 0.011730769230769322
0.4941227671236588, -0.0001869658119657558
0.4938381166769989, 0.020021367521367406
0.49542649081442175, -0.011586538461538565
0.49626664092062417, -0.022053418803418712
0.4977190975503995, -0.02687232905982917
0.4980770670515022, -0.016250000000000098
